id,hotel_id,room_type,description,price_per_night,capacity,amenities
1,1,Chambre Classique,"Chambre confortable de 22 m², décorée avec soin, dotée d'un lit double ou twin, d'une salle de bain privative avec douche, de la climatisation et d'une connexion Wi-Fi haut débit.",181,2,"Wi-Fi,Climatisation,TV,Minibar,Coffre-fort"
2,1,Chambre Supérieure,"Espace de 28 m² rehaussé de touches décoratives élégantes : parquet, moulures, mobilier chiné. Coin salon séparé, nespresso, et accès au club lounge de l'hôtel inclus.",273,2,"Wi-Fi,Climatisation,TV,Minibar,Coffre-fort,Baignoire,Peignoirs"
3,1,Chambre Deluxe,"Chambre premium de 38 m² bénéficiant d'une vue dégagée. Literie cinq étoiles, salle de bain en marbre avec douche à l'italienne et baignoire îlot, plateau de courtoisie garni.",412,2,"Wi-Fi,Climatisation,TV,Minibar,Coffre-fort,Baignoire,Peignoirs,Service en chambre,Nespresso"
4,1,Junior Suite,"50 m² de raffinement absolu : dressing privatif, salon avec canapé convertible, salle à manger compacte et salle de bain double vasque avec vue plongeante sur la ville.",559,3,"Wi-Fi,Climatisation,TV,Minibar,Coffre-fort,Baignoire,Peignoirs,Service en chambre,Nespresso,Terrasse,Salon privé"
5,1,Suite Royale,"Suite signature de l'établissement, 120 m² habillés de matériaux nobles — marbre de Carrare, soieries et bois précieux. Service de majordome 24h/24, transfert en limousine et accès au spa privatif.",3306,4,"Wi-Fi,Climatisation,TV,Minibar,Coffre-fort,Baignoire,Peignoirs,Service en chambre,Nespresso,Terrasse,Salon privé,Jacuzzi,Conciergerie dédiée,Majordome,Spa privatif,Transfert limousine"
6,2,Chambre Classique,"Chambre intime de 20 m² aux tons neutres et apaisants, équipée d'un bureau de travail, d'une télévision écran plat et d'un minibar. Idéale pour un séjour d'affaires ou de loisirs.",165,2,"Wi-Fi,Climatisation,TV,Minibar,Coffre-fort"
7,2,Chambre Supérieure,"Espace de 28 m² rehaussé de touches décoratives élégantes : parquet, moulures, mobilier chiné. Coin salon séparé, nespresso, et accès au club lounge de l'hôtel inclus.",235,2,"Wi-Fi,Climatisation,TV,Minibar,Coffre-fort,Baignoire,Peignoirs"
8,2,Chambre Deluxe,"Chambre de 35 m² entièrement rénovée, décorée par un designer reconnu. Fenêtres panoramiques, lit king-size, walk-in closet et salle de bain dotée d'une douche chromothérapie.",480,2,"Wi-Fi,Climatisation,TV,Minibar,Coffre-fort,Baignoire,Peignoirs,Service en chambre,Nespresso"
9,2,Suite Prestige,"Suite de 90 m² au dernier étage, offrant une vue à 180° sur les monuments et les toits. Salon de réception, salle à manger privée, chambre aux volumes majestueux et salle de bain spa avec jacuzzi.",840,4,"Wi-Fi,Climatisation,TV,Minibar,Coffre-fort,Baignoire,Peignoirs,Service en chambre,Nespresso,Terrasse,Salon privé,Jacuzzi,Conciergerie dédiée"
10,2,Suite Royale,"L'apogée du luxe : 140 m² déployés sur un étage, avec grand salon de réception, bureau directorial, chambre principale et seconde chambre d'appoint, deux salles de bain en onyx et terrasse panoramique.",1975,4,"Wi-Fi,Climatisation,TV,Minibar,Coffre-fort,Baignoire,Peignoirs,Service en chambre,Nespresso,Terrasse,Salon privé,Jacuzzi,Conciergerie dédiée,Majordome,Spa privatif,Transfert limousine"
11,3,Chambre Classique,"Chambre confortable de 22 m², décorée avec soin, dotée d'un lit double ou twin, d'une salle de bain privative avec douche, de la climatisation et d'une connexion Wi-Fi haut débit.",156,2,"Wi-Fi,Climatisation,TV,Minibar,Coffre-fort"
12,3,Chambre Supérieure,"Espace de 28 m² rehaussé de touches décoratives élégantes : parquet, moulures, mobilier chiné. Coin salon séparé, nespresso, et accès au club lounge de l'hôtel inclus.",320,2,"Wi-Fi,Climatisation,TV,Minibar,Coffre-fort,Baignoire,Peignoirs"
13,3,Chambre Deluxe,"Chambre premium de 38 m² bénéficiant d'une vue dégagée. Literie cinq étoiles, salle de bain en marbre avec douche à l'italienne et baignoire îlot, plateau de courtoisie garni.",338,2,"Wi-Fi,Climatisation,TV,Minibar,Coffre-fort,Baignoire,Peignoirs,Service en chambre,Nespresso"
14,3,Junior Suite,"Suite de 55 m² composée d'un salon lumineux et d'une chambre séparée. Terrasse privative avec mobilier de jardin, salle de bain en marbre, hammam et produits de soin exclusifs.",576,3,"Wi-Fi,Climatisation,TV,Minibar,Coffre-fort,Baignoire,Peignoirs,Service en chambre,Nespresso,Terrasse,Salon privé"
15,3,Suite Royale,"L'apogée du luxe : 140 m² déployés sur un étage, avec grand salon de réception, bureau directorial, chambre principale et seconde chambre d'appoint, deux salles de bain en onyx et terrasse panoramique.",2752,4,"Wi-Fi,Climatisation,TV,Minibar,Coffre-fort,Baignoire,Peignoirs,Service en chambre,Nespresso,Terrasse,Salon privé,Jacuzzi,Conciergerie dédiée,Majordome,Spa privatif,Transfert limousine"
16,4,Chambre Classique,"Chambre intime de 20 m² aux tons neutres et apaisants, équipée d'un bureau de travail, d'une télévision écran plat et d'un minibar. Idéale pour un séjour d'affaires ou de loisirs.",183,2,"Wi-Fi,Climatisation,TV,Minibar,Coffre-fort"
17,4,Chambre Deluxe,"Chambre de 35 m² entièrement rénovée, décorée par un designer reconnu. Fenêtres panoramiques, lit king-size, walk-in closet et salle de bain dotée d'une douche chromothérapie.",493,2,"Wi-Fi,Climatisation,TV,Minibar,Coffre-fort,Baignoire,Peignoirs,Service en chambre,Nespresso"
18,4,Junior Suite,"50 m² de raffinement absolu : dressing privatif, salon avec canapé convertible, salle à manger compacte et salle de bain double vasque avec vue plongeante sur la ville.",733,3,"Wi-Fi,Climatisation,TV,Minibar,Coffre-fort,Baignoire,Peignoirs,Service en chambre,Nespresso,Terrasse,Salon privé"
19,4,Suite Prestige,"Suite de 90 m² au dernier étage, offrant une vue à 180° sur les monuments et les toits. Salon de réception, salle à manger privée, chambre aux volumes majestueux et salle de bain spa avec jacuzzi.",1093,4,"Wi-Fi,Climatisation,TV,Minibar,Coffre-fort,Baignoire,Peignoirs,Service en chambre,Nespresso,Terrasse,Salon privé,Jacuzzi,Conciergerie dédiée"
20,5,Chambre Classique,"Chambre confortable de 22 m², décorée avec soin, dotée d'un lit double ou twin, d'une salle de bain privative avec douche, de la climatisation et d'une connexion Wi-Fi haut débit.",169,2,"Wi-Fi,Climatisation,TV,Minibar,Coffre-fort"
21,5,Chambre Supérieure,"Espace de 28 m² rehaussé de touches décoratives élégantes : parquet, moulures, mobilier chiné. Coin salon séparé, nespresso, et accès au club lounge de l'hôtel inclus.",302,2,"Wi-Fi,Climatisation,TV,Minibar,Coffre-fort,Baignoire,Peignoirs"
22,5,Junior Suite,"50 m² de raffinement absolu : dressing privatif, salon avec canapé convertible, salle à manger compacte et salle de bain double vasque avec vue plongeante sur la ville.",687,3,"Wi-Fi,Climatisation,TV,Minibar,Coffre-fort,Baignoire,Peignoirs,Service en chambre,Nespresso,Terrasse,Salon privé"
23,6,Chambre Classique,"Chambre confortable de 22 m², décorée avec soin, dotée d'un lit double ou twin, d'une salle de bain privative avec douche, de la climatisation et d'une connexion Wi-Fi haut débit.",152,2,"Wi-Fi,Climatisation,TV,Minibar,Coffre-fort"
24,6,Chambre Supérieure,"Chambre spacieuse de 30 m² avec vue sur la cour intérieure ou les toits de la ville. Literie premium, salle de bain avec baignoire et douche séparées, peignoirs et produits de toilette de luxe.",251,2,"Wi-Fi,Climatisation,TV,Minibar,Coffre-fort,Baignoire,Peignoirs"
25,6,Suite Royale,"Suite signature de l'établissement, 120 m² habillés de matériaux nobles — marbre de Carrare, soieries et bois précieux. Service de majordome 24h/24, transfert en limousine et accès au spa privatif.",3582,4,"Wi-Fi,Climatisation,TV,Minibar,Coffre-fort,Baignoire,Peignoirs,Service en chambre,Nespresso,Terrasse,Salon privé,Jacuzzi,Conciergerie dédiée,Majordome,Spa privatif,Transfert limousine"
26,7,Chambre Classique,"Chambre confortable de 22 m², décorée avec soin, dotée d'un lit double ou twin, d'une salle de bain privative avec douche, de la climatisation et d'une connexion Wi-Fi haut débit.",123,2,"Wi-Fi,Climatisation,TV,Minibar,Coffre-fort"
27,7,Junior Suite,"Suite de 55 m² composée d'un salon lumineux et d'une chambre séparée. Terrasse privative avec mobilier de jardin, salle de bain en marbre, hammam et produits de soin exclusifs.",580,3,"Wi-Fi,Climatisation,TV,Minibar,Coffre-fort,Baignoire,Peignoirs,Service en chambre,Nespresso,Terrasse,Salon privé"
28,7,Suite Prestige,"Une suite de 85 m² pensée comme un appartement de luxe : deux salles de bain, une cuisine équipée, un salon avec système home cinéma et une terrasse aménagée avec bain à remous.",1323,4,"Wi-Fi,Climatisation,TV,Minibar,Coffre-fort,Baignoire,Peignoirs,Service en chambre,Nespresso,Terrasse,Salon privé,Jacuzzi,Conciergerie dédiée"
29,8,Chambre Classique,"Chambre intime de 20 m² aux tons neutres et apaisants, équipée d'un bureau de travail, d'une télévision écran plat et d'un minibar. Idéale pour un séjour d'affaires ou de loisirs.",199,2,"Wi-Fi,Climatisation,TV,Minibar,Coffre-fort"
30,8,Chambre Supérieure,"Chambre spacieuse de 30 m² avec vue sur la cour intérieure ou les toits de la ville. Literie premium, salle de bain avec baignoire et douche séparées, peignoirs et produits de toilette de luxe.",313,2,"Wi-Fi,Climatisation,TV,Minibar,Coffre-fort,Baignoire,Peignoirs"
31,8,Chambre Deluxe,"Chambre premium de 38 m² bénéficiant d'une vue dégagée. Literie cinq étoiles, salle de bain en marbre avec douche à l'italienne et baignoire îlot, plateau de courtoisie garni.",370,2,"Wi-Fi,Climatisation,TV,Minibar,Coffre-fort,Baignoire,Peignoirs,Service en chambre,Nespresso"
32,8,Junior Suite,"Suite de 55 m² composée d'un salon lumineux et d'une chambre séparée. Terrasse privative avec mobilier de jardin, salle de bain en marbre, hammam et produits de soin exclusifs.",530,3,"Wi-Fi,Climatisation,TV,Minibar,Coffre-fort,Baignoire,Peignoirs,Service en chambre,Nespresso,Terrasse,Salon privé"
33,9,Chambre Classique,"Chambre intime de 20 m² aux tons neutres et apaisants, équipée d'un bureau de travail, d'une télévision écran plat et d'un minibar. Idéale pour un séjour d'affaires ou de loisirs.",132,2,"Wi-Fi,Climatisation,TV,Minibar,Coffre-fort"
34,9,Chambre Supérieure,"Chambre spacieuse de 30 m² avec vue sur la cour intérieure ou les toits de la ville. Literie premium, salle de bain avec baignoire et douche séparées, peignoirs et produits de toilette de luxe.",271,2,"Wi-Fi,Climatisation,TV,Minibar,Coffre-fort,Baignoire,Peignoirs"
35,9,Chambre Deluxe,"Chambre de 35 m² entièrement rénovée, décorée par un designer reconnu. Fenêtres panoramiques, lit king-size, walk-in closet et salle de bain dotée d'une douche chromothérapie.",331,2,"Wi-Fi,Climatisation,TV,Minibar,Coffre-fort,Baignoire,Peignoirs,Service en chambre,Nespresso"
36,9,Junior Suite,"50 m² de raffinement absolu : dressing privatif, salon avec canapé convertible, salle à manger compacte et salle de bain double vasque avec vue plongeante sur la ville.",795,3,"Wi-Fi,Climatisation,TV,Minibar,Coffre-fort,Baignoire,Peignoirs,Service en chambre,Nespresso,Terrasse,Salon privé"
37,10,Chambre Classique,"Chambre confortable de 22 m², décorée avec soin, dotée d'un lit double ou twin, d'une salle de bain privative avec douche, de la climatisation et d'une connexion Wi-Fi haut débit.",156,2,"Wi-Fi,Climatisation,TV,Minibar,Coffre-fort"
38,10,Chambre Supérieure,"Chambre spacieuse de 30 m² avec vue sur la cour intérieure ou les toits de la ville. Literie premium, salle de bain avec baignoire et douche séparées, peignoirs et produits de toilette de luxe.",243,2,"Wi-Fi,Climatisation,TV,Minibar,Coffre-fort,Baignoire,Peignoirs"
39,10,Chambre Deluxe,"Chambre premium de 38 m² bénéficiant d'une vue dégagée. Literie cinq étoiles, salle de bain en marbre avec douche à l'italienne et baignoire îlot, plateau de courtoisie garni.",381,2,"Wi-Fi,Climatisation,TV,Minibar,Coffre-fort,Baignoire,Peignoirs,Service en chambre,Nespresso"
40,11,Chambre Classique,"Chambre confortable de 22 m², décorée avec soin, dotée d'un lit double ou twin, d'une salle de bain privative avec douche, de la climatisation et d'une connexion Wi-Fi haut débit.",171,2,"Wi-Fi,Climatisation,TV,Minibar,Coffre-fort"
41,11,Chambre Supérieure,"Espace de 28 m² rehaussé de touches décoratives élégantes : parquet, moulures, mobilier chiné. Coin salon séparé, nespresso, et accès au club lounge de l'hôtel inclus.",273,2,"Wi-Fi,Climatisation,TV,Minibar,Coffre-fort,Baignoire,Peignoirs"
42,11,Chambre Deluxe,"Chambre de 35 m² entièrement rénovée, décorée par un designer reconnu. Fenêtres panoramiques, lit king-size, walk-in closet et salle de bain dotée d'une douche chromothérapie.",339,2,"Wi-Fi,Climatisation,TV,Minibar,Coffre-fort,Baignoire,Peignoirs,Service en chambre,Nespresso"
43,11,Suite Prestige,"Suite de 90 m² au dernier étage, offrant une vue à 180° sur les monuments et les toits. Salon de réception, salle à manger privée, chambre aux volumes majestueux et salle de bain spa avec jacuzzi.",934,4,"Wi-Fi,Climatisation,TV,Minibar,Coffre-fort,Baignoire,Peignoirs,Service en chambre,Nespresso,Terrasse,Salon privé,Jacuzzi,Conciergerie dédiée"
44,11,Suite Royale,"L'apogée du luxe : 140 m² déployés sur un étage, avec grand salon de réception, bureau directorial, chambre principale et seconde chambre d'appoint, deux salles de bain en onyx et terrasse panoramique.",3908,4,"Wi-Fi,Climatisation,TV,Minibar,Coffre-fort,Baignoire,Peignoirs,Service en chambre,Nespresso,Terrasse,Salon privé,Jacuzzi,Conciergerie dédiée,Majordome,Spa privatif,Transfert limousine"
45,12,Chambre Classique,"Chambre confortable de 22 m², décorée avec soin, dotée d'un lit double ou twin, d'une salle de bain privative avec douche, de la climatisation et d'une connexion Wi-Fi haut débit.",197,2,"Wi-Fi,Climatisation,TV,Minibar,Coffre-fort"
46,12,Chambre Supérieure,"Chambre spacieuse de 30 m² avec vue sur la cour intérieure ou les toits de la ville. Literie premium, salle de bain avec baignoire et douche séparées, peignoirs et produits de toilette de luxe.",247,2,"Wi-Fi,Climatisation,TV,Minibar,Coffre-fort,Baignoire,Peignoirs"
47,12,Chambre Deluxe,"Chambre de 35 m² entièrement rénovée, décorée par un designer reconnu. Fenêtres panoramiques, lit king-size, walk-in closet et salle de bain dotée d'une douche chromothérapie.",401,2,"Wi-Fi,Climatisation,TV,Minibar,Coffre-fort,Baignoire,Peignoirs,Service en chambre,Nespresso"
48,12,Junior Suite,"Suite de 55 m² composée d'un salon lumineux et d'une chambre séparée. Terrasse privative avec mobilier de jardin, salle de bain en marbre, hammam et produits de soin exclusifs.",656,3,"Wi-Fi,Climatisation,TV,Minibar,Coffre-fort,Baignoire,Peignoirs,Service en chambre,Nespresso,Terrasse,Salon privé"
49,13,Chambre Classique,"Chambre intime de 20 m² aux tons neutres et apaisants, équipée d'un bureau de travail, d'une télévision écran plat et d'un minibar. Idéale pour un séjour d'affaires ou de loisirs.",200,2,"Wi-Fi,Climatisation,TV,Minibar,Coffre-fort"
50,13,Junior Suite,"50 m² de raffinement absolu : dressing privatif, salon avec canapé convertible, salle à manger compacte et salle de bain double vasque avec vue plongeante sur la ville.",680,3,"Wi-Fi,Climatisation,TV,Minibar,Coffre-fort,Baignoire,Peignoirs,Service en chambre,Nespresso,Terrasse,Salon privé"
51,13,Suite Prestige,"Une suite de 85 m² pensée comme un appartement de luxe : deux salles de bain, une cuisine équipée, un salon avec système home cinéma et une terrasse aménagée avec bain à remous.",1055,4,"Wi-Fi,Climatisation,TV,Minibar,Coffre-fort,Baignoire,Peignoirs,Service en chambre,Nespresso,Terrasse,Salon privé,Jacuzzi,Conciergerie dédiée"
52,14,Chambre Classique,"Chambre intime de 20 m² aux tons neutres et apaisants, équipée d'un bureau de travail, d'une télévision écran plat et d'un minibar. Idéale pour un séjour d'affaires ou de loisirs.",162,2,"Wi-Fi,Climatisation,TV,Minibar,Coffre-fort"
53,14,Chambre Supérieure,"Espace de 28 m² rehaussé de touches décoratives élégantes : parquet, moulures, mobilier chiné. Coin salon séparé, nespresso, et accès au club lounge de l'hôtel inclus.",238,2,"Wi-Fi,Climatisation,TV,Minibar,Coffre-fort,Baignoire,Peignoirs"
54,14,Chambre Deluxe,"Chambre premium de 38 m² bénéficiant d'une vue dégagée. Literie cinq étoiles, salle de bain en marbre avec douche à l'italienne et baignoire îlot, plateau de courtoisie garni.",336,2,"Wi-Fi,Climatisation,TV,Minibar,Coffre-fort,Baignoire,Peignoirs,Service en chambre,Nespresso"
55,14,Junior Suite,"Suite de 55 m² composée d'un salon lumineux et d'une chambre séparée. Terrasse privative avec mobilier de jardin, salle de bain en marbre, hammam et produits de soin exclusifs.",664,3,"Wi-Fi,Climatisation,TV,Minibar,Coffre-fort,Baignoire,Peignoirs,Service en chambre,Nespresso,Terrasse,Salon privé"
56,14,Suite Royale,"Suite signature de l'établissement, 120 m² habillés de matériaux nobles — marbre de Carrare, soieries et bois précieux. Service de majordome 24h/24, transfert en limousine et accès au spa privatif.",2290,4,"Wi-Fi,Climatisation,TV,Minibar,Coffre-fort,Baignoire,Peignoirs,Service en chambre,Nespresso,Terrasse,Salon privé,Jacuzzi,Conciergerie dédiée,Majordome,Spa privatif,Transfert limousine"
57,15,Chambre Classique,"Chambre intime de 20 m² aux tons neutres et apaisants, équipée d'un bureau de travail, d'une télévision écran plat et d'un minibar. Idéale pour un séjour d'affaires ou de loisirs.",197,2,"Wi-Fi,Climatisation,TV,Minibar,Coffre-fort"
58,15,Chambre Supérieure,"Chambre spacieuse de 30 m² avec vue sur la cour intérieure ou les toits de la ville. Literie premium, salle de bain avec baignoire et douche séparées, peignoirs et produits de toilette de luxe.",241,2,"Wi-Fi,Climatisation,TV,Minibar,Coffre-fort,Baignoire,Peignoirs"
59,15,Junior Suite,"Suite de 55 m² composée d'un salon lumineux et d'une chambre séparée. Terrasse privative avec mobilier de jardin, salle de bain en marbre, hammam et produits de soin exclusifs.",543,3,"Wi-Fi,Climatisation,TV,Minibar,Coffre-fort,Baignoire,Peignoirs,Service en chambre,Nespresso,Terrasse,Salon privé"
60,15,Suite Prestige,"Une suite de 85 m² pensée comme un appartement de luxe : deux salles de bain, une cuisine équipée, un salon avec système home cinéma et une terrasse aménagée avec bain à remous.",852,4,"Wi-Fi,Climatisation,TV,Minibar,Coffre-fort,Baignoire,Peignoirs,Service en chambre,Nespresso,Terrasse,Salon privé,Jacuzzi,Conciergerie dédiée"
61,16,Chambre Classique,"Chambre intime de 20 m² aux tons neutres et apaisants, équipée d'un bureau de travail, d'une télévision écran plat et d'un minibar. Idéale pour un séjour d'affaires ou de loisirs.",188,2,"Wi-Fi,Climatisation,TV,Minibar,Coffre-fort"
62,16,Junior Suite,"Suite de 55 m² composée d'un salon lumineux et d'une chambre séparée. Terrasse privative avec mobilier de jardin, salle de bain en marbre, hammam et produits de soin exclusifs.",693,3,"Wi-Fi,Climatisation,TV,Minibar,Coffre-fort,Baignoire,Peignoirs,Service en chambre,Nespresso,Terrasse,Salon privé"
63,16,Suite Prestige,"Une suite de 85 m² pensée comme un appartement de luxe : deux salles de bain, une cuisine équipée, un salon avec système home cinéma et une terrasse aménagée avec bain à remous.",1179,4,"Wi-Fi,Climatisation,TV,Minibar,Coffre-fort,Baignoire,Peignoirs,Service en chambre,Nespresso,Terrasse,Salon privé,Jacuzzi,Conciergerie dédiée"
64,17,Chambre Classique,"Chambre confortable de 22 m², décorée avec soin, dotée d'un lit double ou twin, d'une salle de bain privative avec douche, de la climatisation et d'une connexion Wi-Fi haut débit.",127,2,"Wi-Fi,Climatisation,TV,Minibar,Coffre-fort"
65,17,Chambre Supérieure,"Espace de 28 m² rehaussé de touches décoratives élégantes : parquet, moulures, mobilier chiné. Coin salon séparé, nespresso, et accès au club lounge de l'hôtel inclus.",213,2,"Wi-Fi,Climatisation,TV,Minibar,Coffre-fort,Baignoire,Peignoirs"
66,17,Chambre Deluxe,"Chambre de 35 m² entièrement rénovée, décorée par un designer reconnu. Fenêtres panoramiques, lit king-size, walk-in closet et salle de bain dotée d'une douche chromothérapie.",386,2,"Wi-Fi,Climatisation,TV,Minibar,Coffre-fort,Baignoire,Peignoirs,Service en chambre,Nespresso"
67,17,Junior Suite,"Suite de 55 m² composée d'un salon lumineux et d'une chambre séparée. Terrasse privative avec mobilier de jardin, salle de bain en marbre, hammam et produits de soin exclusifs.",529,3,"Wi-Fi,Climatisation,TV,Minibar,Coffre-fort,Baignoire,Peignoirs,Service en chambre,Nespresso,Terrasse,Salon privé"
68,17,Suite Royale,"L'apogée du luxe : 140 m² déployés sur un étage, avec grand salon de réception, bureau directorial, chambre principale et seconde chambre d'appoint, deux salles de bain en onyx et terrasse panoramique.",1762,4,"Wi-Fi,Climatisation,TV,Minibar,Coffre-fort,Baignoire,Peignoirs,Service en chambre,Nespresso,Terrasse,Salon privé,Jacuzzi,Conciergerie dédiée,Majordome,Spa privatif,Transfert limousine"
69,18,Chambre Classique,"Chambre confortable de 22 m², décorée avec soin, dotée d'un lit double ou twin, d'une salle de bain privative avec douche, de la climatisation et d'une connexion Wi-Fi haut débit.",147,2,"Wi-Fi,Climatisation,TV,Minibar,Coffre-fort"
70,18,Suite Prestige,"Une suite de 85 m² pensée comme un appartement de luxe : deux salles de bain, une cuisine équipée, un salon avec système home cinéma et une terrasse aménagée avec bain à remous.",873,4,"Wi-Fi,Climatisation,TV,Minibar,Coffre-fort,Baignoire,Peignoirs,Service en chambre,Nespresso,Terrasse,Salon privé,Jacuzzi,Conciergerie dédiée"
71,18,Suite Royale,"Suite signature de l'établissement, 120 m² habillés de matériaux nobles — marbre de Carrare, soieries et bois précieux. Service de majordome 24h/24, transfert en limousine et accès au spa privatif.",3314,4,"Wi-Fi,Climatisation,TV,Minibar,Coffre-fort,Baignoire,Peignoirs,Service en chambre,Nespresso,Terrasse,Salon privé,Jacuzzi,Conciergerie dédiée,Majordome,Spa privatif,Transfert limousine"
72,19,Chambre Classique,"Chambre intime de 20 m² aux tons neutres et apaisants, équipée d'un bureau de travail, d'une télévision écran plat et d'un minibar. Idéale pour un séjour d'affaires ou de loisirs.",199,2,"Wi-Fi,Climatisation,TV,Minibar,Coffre-fort"
73,19,Junior Suite,"50 m² de raffinement absolu : dressing privatif, salon avec canapé convertible, salle à manger compacte et salle de bain double vasque avec vue plongeante sur la ville.",725,3,"Wi-Fi,Climatisation,TV,Minibar,Coffre-fort,Baignoire,Peignoirs,Service en chambre,Nespresso,Terrasse,Salon privé"
74,19,Suite Prestige,"Une suite de 85 m² pensée comme un appartement de luxe : deux salles de bain, une cuisine équipée, un salon avec système home cinéma et une terrasse aménagée avec bain à remous.",841,4,"Wi-Fi,Climatisation,TV,Minibar,Coffre-fort,Baignoire,Peignoirs,Service en chambre,Nespresso,Terrasse,Salon privé,Jacuzzi,Conciergerie dédiée"
75,20,Chambre Classique,"Chambre confortable de 22 m², décorée avec soin, dotée d'un lit double ou twin, d'une salle de bain privative avec douche, de la climatisation et d'une connexion Wi-Fi haut débit.",169,2,"Wi-Fi,Climatisation,TV,Minibar,Coffre-fort"
76,20,Chambre Supérieure,"Chambre spacieuse de 30 m² avec vue sur la cour intérieure ou les toits de la ville. Literie premium, salle de bain avec baignoire et douche séparées, peignoirs et produits de toilette de luxe.",217,2,"Wi-Fi,Climatisation,TV,Minibar,Coffre-fort,Baignoire,Peignoirs"
77,20,Suite Royale,"L'apogée du luxe : 140 m² déployés sur un étage, avec grand salon de réception, bureau directorial, chambre principale et seconde chambre d'appoint, deux salles de bain en onyx et terrasse panoramique.",2706,4,"Wi-Fi,Climatisation,TV,Minibar,Coffre-fort,Baignoire,Peignoirs,Service en chambre,Nespresso,Terrasse,Salon privé,Jacuzzi,Conciergerie dédiée,Majordome,Spa privatif,Transfert limousine"
78,21,Chambre Classique,"Chambre intime de 20 m² aux tons neutres et apaisants, équipée d'un bureau de travail, d'une télévision écran plat et d'un minibar. Idéale pour un séjour d'affaires ou de loisirs.",143,2,"Wi-Fi,Climatisation,TV,Minibar,Coffre-fort"
79,21,Chambre Supérieure,"Chambre spacieuse de 30 m² avec vue sur la cour intérieure ou les toits de la ville. Literie premium, salle de bain avec baignoire et douche séparées, peignoirs et produits de toilette de luxe.",248,2,"Wi-Fi,Climatisation,TV,Minibar,Coffre-fort,Baignoire,Peignoirs"
80,21,Chambre Deluxe,"Chambre de 35 m² entièrement rénovée, décorée par un designer reconnu. Fenêtres panoramiques, lit king-size, walk-in closet et salle de bain dotée d'une douche chromothérapie.",432,2,"Wi-Fi,Climatisation,TV,Minibar,Coffre-fort,Baignoire,Peignoirs,Service en chambre,Nespresso"
81,21,Suite Prestige,"Une suite de 85 m² pensée comme un appartement de luxe : deux salles de bain, une cuisine équipée, un salon avec système home cinéma et une terrasse aménagée avec bain à remous.",1222,4,"Wi-Fi,Climatisation,TV,Minibar,Coffre-fort,Baignoire,Peignoirs,Service en chambre,Nespresso,Terrasse,Salon privé,Jacuzzi,Conciergerie dédiée"
82,21,Suite Royale,"Suite signature de l'établissement, 120 m² habillés de matériaux nobles — marbre de Carrare, soieries et bois précieux. Service de majordome 24h/24, transfert en limousine et accès au spa privatif.",2164,4,"Wi-Fi,Climatisation,TV,Minibar,Coffre-fort,Baignoire,Peignoirs,Service en chambre,Nespresso,Terrasse,Salon privé,Jacuzzi,Conciergerie dédiée,Majordome,Spa privatif,Transfert limousine"
83,22,Chambre Classique,"Chambre intime de 20 m² aux tons neutres et apaisants, équipée d'un bureau de travail, d'une télévision écran plat et d'un minibar. Idéale pour un séjour d'affaires ou de loisirs.",179,2,"Wi-Fi,Climatisation,TV,Minibar,Coffre-fort"
84,22,Chambre Supérieure,"Chambre spacieuse de 30 m² avec vue sur la cour intérieure ou les toits de la ville. Literie premium, salle de bain avec baignoire et douche séparées, peignoirs et produits de toilette de luxe.",228,2,"Wi-Fi,Climatisation,TV,Minibar,Coffre-fort,Baignoire,Peignoirs"
85,22,Chambre Deluxe,"Chambre de 35 m² entièrement rénovée, décorée par un designer reconnu. Fenêtres panoramiques, lit king-size, walk-in closet et salle de bain dotée d'une douche chromothérapie.",384,2,"Wi-Fi,Climatisation,TV,Minibar,Coffre-fort,Baignoire,Peignoirs,Service en chambre,Nespresso"
86,22,Suite Prestige,"Suite de 90 m² au dernier étage, offrant une vue à 180° sur les monuments et les toits. Salon de réception, salle à manger privée, chambre aux volumes majestueux et salle de bain spa avec jacuzzi.",1333,4,"Wi-Fi,Climatisation,TV,Minibar,Coffre-fort,Baignoire,Peignoirs,Service en chambre,Nespresso,Terrasse,Salon privé,Jacuzzi,Conciergerie dédiée"
87,22,Suite Royale,"L'apogée du luxe : 140 m² déployés sur un étage, avec grand salon de réception, bureau directorial, chambre principale et seconde chambre d'appoint, deux salles de bain en onyx et terrasse panoramique.",2571,4,"Wi-Fi,Climatisation,TV,Minibar,Coffre-fort,Baignoire,Peignoirs,Service en chambre,Nespresso,Terrasse,Salon privé,Jacuzzi,Conciergerie dédiée,Majordome,Spa privatif,Transfert limousine"
88,23,Chambre Classique,"Chambre intime de 20 m² aux tons neutres et apaisants, équipée d'un bureau de travail, d'une télévision écran plat et d'un minibar. Idéale pour un séjour d'affaires ou de loisirs.",155,2,"Wi-Fi,Climatisation,TV,Minibar,Coffre-fort"
89,23,Chambre Supérieure,"Chambre spacieuse de 30 m² avec vue sur la cour intérieure ou les toits de la ville. Literie premium, salle de bain avec baignoire et douche séparées, peignoirs et produits de toilette de luxe.",293,2,"Wi-Fi,Climatisation,TV,Minibar,Coffre-fort,Baignoire,Peignoirs"
90,23,Junior Suite,"50 m² de raffinement absolu : dressing privatif, salon avec canapé convertible, salle à manger compacte et salle de bain double vasque avec vue plongeante sur la ville.",552,3,"Wi-Fi,Climatisation,TV,Minibar,Coffre-fort,Baignoire,Peignoirs,Service en chambre,Nespresso,Terrasse,Salon privé"
91,23,Suite Prestige,"Suite de 90 m² au dernier étage, offrant une vue à 180° sur les monuments et les toits. Salon de réception, salle à manger privée, chambre aux volumes majestueux et salle de bain spa avec jacuzzi.",911,4,"Wi-Fi,Climatisation,TV,Minibar,Coffre-fort,Baignoire,Peignoirs,Service en chambre,Nespresso,Terrasse,Salon privé,Jacuzzi,Conciergerie dédiée"
92,24,Chambre Classique,"Chambre confortable de 22 m², décorée avec soin, dotée d'un lit double ou twin, d'une salle de bain privative avec douche, de la climatisation et d'une connexion Wi-Fi haut débit.",151,2,"Wi-Fi,Climatisation,TV,Minibar,Coffre-fort"
93,24,Chambre Supérieure,"Espace de 28 m² rehaussé de touches décoratives élégantes : parquet, moulures, mobilier chiné. Coin salon séparé, nespresso, et accès au club lounge de l'hôtel inclus.",207,2,"Wi-Fi,Climatisation,TV,Minibar,Coffre-fort,Baignoire,Peignoirs"
94,24,Chambre Deluxe,"Chambre premium de 38 m² bénéficiant d'une vue dégagée. Literie cinq étoiles, salle de bain en marbre avec douche à l'italienne et baignoire îlot, plateau de courtoisie garni.",455,2,"Wi-Fi,Climatisation,TV,Minibar,Coffre-fort,Baignoire,Peignoirs,Service en chambre,Nespresso"
95,24,Suite Royale,"Suite signature de l'établissement, 120 m² habillés de matériaux nobles — marbre de Carrare, soieries et bois précieux. Service de majordome 24h/24, transfert en limousine et accès au spa privatif.",2792,4,"Wi-Fi,Climatisation,TV,Minibar,Coffre-fort,Baignoire,Peignoirs,Service en chambre,Nespresso,Terrasse,Salon privé,Jacuzzi,Conciergerie dédiée,Majordome,Spa privatif,Transfert limousine"
96,25,Chambre Classique,"Chambre confortable de 22 m², décorée avec soin, dotée d'un lit double ou twin, d'une salle de bain privative avec douche, de la climatisation et d'une connexion Wi-Fi haut débit.",173,2,"Wi-Fi,Climatisation,TV,Minibar,Coffre-fort"
97,25,Chambre Supérieure,"Chambre spacieuse de 30 m² avec vue sur la cour intérieure ou les toits de la ville. Literie premium, salle de bain avec baignoire et douche séparées, peignoirs et produits de toilette de luxe.",248,2,"Wi-Fi,Climatisation,TV,Minibar,Coffre-fort,Baignoire,Peignoirs"
98,25,Chambre Deluxe,"Chambre premium de 38 m² bénéficiant d'une vue dégagée. Literie cinq étoiles, salle de bain en marbre avec douche à l'italienne et baignoire îlot, plateau de courtoisie garni.",409,2,"Wi-Fi,Climatisation,TV,Minibar,Coffre-fort,Baignoire,Peignoirs,Service en chambre,Nespresso"
99,26,Chambre Classique,"Chambre confortable de 22 m², décorée avec soin, dotée d'un lit double ou twin, d'une salle de bain privative avec douche, de la climatisation et d'une connexion Wi-Fi haut débit.",148,2,"Wi-Fi,Climatisation,TV,Minibar,Coffre-fort"
100,26,Chambre Supérieure,"Espace de 28 m² rehaussé de touches décoratives élégantes : parquet, moulures, mobilier chiné. Coin salon séparé, nespresso, et accès au club lounge de l'hôtel inclus.",237,2,"Wi-Fi,Climatisation,TV,Minibar,Coffre-fort,Baignoire,Peignoirs"
101,26,Chambre Deluxe,"Chambre de 35 m² entièrement rénovée, décorée par un designer reconnu. Fenêtres panoramiques, lit king-size, walk-in closet et salle de bain dotée d'une douche chromothérapie.",334,2,"Wi-Fi,Climatisation,TV,Minibar,Coffre-fort,Baignoire,Peignoirs,Service en chambre,Nespresso"
102,26,Junior Suite,"Suite de 55 m² composée d'un salon lumineux et d'une chambre séparée. Terrasse privative avec mobilier de jardin, salle de bain en marbre, hammam et produits de soin exclusifs.",624,3,"Wi-Fi,Climatisation,TV,Minibar,Coffre-fort,Baignoire,Peignoirs,Service en chambre,Nespresso,Terrasse,Salon privé"
103,27,Chambre Classique,"Chambre intime de 20 m² aux tons neutres et apaisants, équipée d'un bureau de travail, d'une télévision écran plat et d'un minibar. Idéale pour un séjour d'affaires ou de loisirs.",189,2,"Wi-Fi,Climatisation,TV,Minibar,Coffre-fort"
104,27,Chambre Deluxe,"Chambre de 35 m² entièrement rénovée, décorée par un designer reconnu. Fenêtres panoramiques, lit king-size, walk-in closet et salle de bain dotée d'une douche chromothérapie.",484,2,"Wi-Fi,Climatisation,TV,Minibar,Coffre-fort,Baignoire,Peignoirs,Service en chambre,Nespresso"
105,27,Junior Suite,"Suite de 55 m² composée d'un salon lumineux et d'une chambre séparée. Terrasse privative avec mobilier de jardin, salle de bain en marbre, hammam et produits de soin exclusifs.",689,3,"Wi-Fi,Climatisation,TV,Minibar,Coffre-fort,Baignoire,Peignoirs,Service en chambre,Nespresso,Terrasse,Salon privé"
106,28,Chambre Classique,"Chambre intime de 20 m² aux tons neutres et apaisants, équipée d'un bureau de travail, d'une télévision écran plat et d'un minibar. Idéale pour un séjour d'affaires ou de loisirs.",129,2,"Wi-Fi,Climatisation,TV,Minibar,Coffre-fort"
107,28,Chambre Supérieure,"Chambre spacieuse de 30 m² avec vue sur la cour intérieure ou les toits de la ville. Literie premium, salle de bain avec baignoire et douche séparées, peignoirs et produits de toilette de luxe.",206,2,"Wi-Fi,Climatisation,TV,Minibar,Coffre-fort,Baignoire,Peignoirs"
108,28,Chambre Deluxe,"Chambre de 35 m² entièrement rénovée, décorée par un designer reconnu. Fenêtres panoramiques, lit king-size, walk-in closet et salle de bain dotée d'une douche chromothérapie.",379,2,"Wi-Fi,Climatisation,TV,Minibar,Coffre-fort,Baignoire,Peignoirs,Service en chambre,Nespresso"
109,29,Chambre Classique,"Chambre confortable de 22 m², décorée avec soin, dotée d'un lit double ou twin, d'une salle de bain privative avec douche, de la climatisation et d'une connexion Wi-Fi haut débit.",149,2,"Wi-Fi,Climatisation,TV,Minibar,Coffre-fort"
110,29,Chambre Supérieure,"Espace de 28 m² rehaussé de touches décoratives élégantes : parquet, moulures, mobilier chiné. Coin salon séparé, nespresso, et accès au club lounge de l'hôtel inclus.",300,2,"Wi-Fi,Climatisation,TV,Minibar,Coffre-fort,Baignoire,Peignoirs"
111,29,Chambre Deluxe,"Chambre premium de 38 m² bénéficiant d'une vue dégagée. Literie cinq étoiles, salle de bain en marbre avec douche à l'italienne et baignoire îlot, plateau de courtoisie garni.",399,2,"Wi-Fi,Climatisation,TV,Minibar,Coffre-fort,Baignoire,Peignoirs,Service en chambre,Nespresso"
112,29,Junior Suite,"Suite de 55 m² composée d'un salon lumineux et d'une chambre séparée. Terrasse privative avec mobilier de jardin, salle de bain en marbre, hammam et produits de soin exclusifs.",661,3,"Wi-Fi,Climatisation,TV,Minibar,Coffre-fort,Baignoire,Peignoirs,Service en chambre,Nespresso,Terrasse,Salon privé"
113,29,Suite Royale,"L'apogée du luxe : 140 m² déployés sur un étage, avec grand salon de réception, bureau directorial, chambre principale et seconde chambre d'appoint, deux salles de bain en onyx et terrasse panoramique.",3945,4,"Wi-Fi,Climatisation,TV,Minibar,Coffre-fort,Baignoire,Peignoirs,Service en chambre,Nespresso,Terrasse,Salon privé,Jacuzzi,Conciergerie dédiée,Majordome,Spa privatif,Transfert limousine"
114,30,Chambre Classique,"Chambre confortable de 22 m², décorée avec soin, dotée d'un lit double ou twin, d'une salle de bain privative avec douche, de la climatisation et d'une connexion Wi-Fi haut débit.",122,2,"Wi-Fi,Climatisation,TV,Minibar,Coffre-fort"
115,30,Chambre Supérieure,"Espace de 28 m² rehaussé de touches décoratives élégantes : parquet, moulures, mobilier chiné. Coin salon séparé, nespresso, et accès au club lounge de l'hôtel inclus.",212,2,"Wi-Fi,Climatisation,TV,Minibar,Coffre-fort,Baignoire,Peignoirs"
116,30,Chambre Deluxe,"Chambre premium de 38 m² bénéficiant d'une vue dégagée. Literie cinq étoiles, salle de bain en marbre avec douche à l'italienne et baignoire îlot, plateau de courtoisie garni.",431,2,"Wi-Fi,Climatisation,TV,Minibar,Coffre-fort,Baignoire,Peignoirs,Service en chambre,Nespresso"
117,30,Junior Suite,"Suite de 55 m² composée d'un salon lumineux et d'une chambre séparée. Terrasse privative avec mobilier de jardin, salle de bain en marbre, hammam et produits de soin exclusifs.",744,3,"Wi-Fi,Climatisation,TV,Minibar,Coffre-fort,Baignoire,Peignoirs,Service en chambre,Nespresso,Terrasse,Salon privé"
118,30,Suite Prestige,"Une suite de 85 m² pensée comme un appartement de luxe : deux salles de bain, une cuisine équipée, un salon avec système home cinéma et une terrasse aménagée avec bain à remous.",985,4,"Wi-Fi,Climatisation,TV,Minibar,Coffre-fort,Baignoire,Peignoirs,Service en chambre,Nespresso,Terrasse,Salon privé,Jacuzzi,Conciergerie dédiée"
119,31,Chambre Classique,"Chambre confortable de 22 m², décorée avec soin, dotée d'un lit double ou twin, d'une salle de bain privative avec douche, de la climatisation et d'une connexion Wi-Fi haut débit.",153,2,"Wi-Fi,Climatisation,TV,Minibar,Coffre-fort"
120,31,Chambre Supérieure,"Chambre spacieuse de 30 m² avec vue sur la cour intérieure ou les toits de la ville. Literie premium, salle de bain avec baignoire et douche séparées, peignoirs et produits de toilette de luxe.",294,2,"Wi-Fi,Climatisation,TV,Minibar,Coffre-fort,Baignoire,Peignoirs"
121,31,Chambre Deluxe,"Chambre de 35 m² entièrement rénovée, décorée par un designer reconnu. Fenêtres panoramiques, lit king-size, walk-in closet et salle de bain dotée d'une douche chromothérapie.",438,2,"Wi-Fi,Climatisation,TV,Minibar,Coffre-fort,Baignoire,Peignoirs,Service en chambre,Nespresso"
122,31,Junior Suite,"50 m² de raffinement absolu : dressing privatif, salon avec canapé convertible, salle à manger compacte et salle de bain double vasque avec vue plongeante sur la ville.",606,3,"Wi-Fi,Climatisation,TV,Minibar,Coffre-fort,Baignoire,Peignoirs,Service en chambre,Nespresso,Terrasse,Salon privé"
123,31,Suite Royale,"Suite signature de l'établissement, 120 m² habillés de matériaux nobles — marbre de Carrare, soieries et bois précieux. Service de majordome 24h/24, transfert en limousine et accès au spa privatif.",1600,4,"Wi-Fi,Climatisation,TV,Minibar,Coffre-fort,Baignoire,Peignoirs,Service en chambre,Nespresso,Terrasse,Salon privé,Jacuzzi,Conciergerie dédiée,Majordome,Spa privatif,Transfert limousine"
124,32,Chambre Classique,"Chambre confortable de 22 m², décorée avec soin, dotée d'un lit double ou twin, d'une salle de bain privative avec douche, de la climatisation et d'une connexion Wi-Fi haut débit.",182,2,"Wi-Fi,Climatisation,TV,Minibar,Coffre-fort"
125,32,Chambre Supérieure,"Espace de 28 m² rehaussé de touches décoratives élégantes : parquet, moulures, mobilier chiné. Coin salon séparé, nespresso, et accès au club lounge de l'hôtel inclus.",249,2,"Wi-Fi,Climatisation,TV,Minibar,Coffre-fort,Baignoire,Peignoirs"
126,32,Chambre Deluxe,"Chambre de 35 m² entièrement rénovée, décorée par un designer reconnu. Fenêtres panoramiques, lit king-size, walk-in closet et salle de bain dotée d'une douche chromothérapie.",391,2,"Wi-Fi,Climatisation,TV,Minibar,Coffre-fort,Baignoire,Peignoirs,Service en chambre,Nespresso"
127,32,Junior Suite,"50 m² de raffinement absolu : dressing privatif, salon avec canapé convertible, salle à manger compacte et salle de bain double vasque avec vue plongeante sur la ville.",663,3,"Wi-Fi,Climatisation,TV,Minibar,Coffre-fort,Baignoire,Peignoirs,Service en chambre,Nespresso,Terrasse,Salon privé"
128,32,Suite Royale,"L'apogée du luxe : 140 m² déployés sur un étage, avec grand salon de réception, bureau directorial, chambre principale et seconde chambre d'appoint, deux salles de bain en onyx et terrasse panoramique.",3900,4,"Wi-Fi,Climatisation,TV,Minibar,Coffre-fort,Baignoire,Peignoirs,Service en chambre,Nespresso,Terrasse,Salon privé,Jacuzzi,Conciergerie dédiée,Majordome,Spa privatif,Transfert limousine"
129,33,Chambre Classique,"Chambre intime de 20 m² aux tons neutres et apaisants, équipée d'un bureau de travail, d'une télévision écran plat et d'un minibar. Idéale pour un séjour d'affaires ou de loisirs.",188,2,"Wi-Fi,Climatisation,TV,Minibar,Coffre-fort"
130,33,Junior Suite,"50 m² de raffinement absolu : dressing privatif, salon avec canapé convertible, salle à manger compacte et salle de bain double vasque avec vue plongeante sur la ville.",785,3,"Wi-Fi,Climatisation,TV,Minibar,Coffre-fort,Baignoire,Peignoirs,Service en chambre,Nespresso,Terrasse,Salon privé"
131,33,Suite Prestige,"Suite de 90 m² au dernier étage, offrant une vue à 180° sur les monuments et les toits. Salon de réception, salle à manger privée, chambre aux volumes majestueux et salle de bain spa avec jacuzzi.",1347,4,"Wi-Fi,Climatisation,TV,Minibar,Coffre-fort,Baignoire,Peignoirs,Service en chambre,Nespresso,Terrasse,Salon privé,Jacuzzi,Conciergerie dédiée"
132,33,Suite Royale,"L'apogée du luxe : 140 m² déployés sur un étage, avec grand salon de réception, bureau directorial, chambre principale et seconde chambre d'appoint, deux salles de bain en onyx et terrasse panoramique.",2809,4,"Wi-Fi,Climatisation,TV,Minibar,Coffre-fort,Baignoire,Peignoirs,Service en chambre,Nespresso,Terrasse,Salon privé,Jacuzzi,Conciergerie dédiée,Majordome,Spa privatif,Transfert limousine"
133,34,Chambre Classique,"Chambre intime de 20 m² aux tons neutres et apaisants, équipée d'un bureau de travail, d'une télévision écran plat et d'un minibar. Idéale pour un séjour d'affaires ou de loisirs.",170,2,"Wi-Fi,Climatisation,TV,Minibar,Coffre-fort"
134,34,Chambre Supérieure,"Chambre spacieuse de 30 m² avec vue sur la cour intérieure ou les toits de la ville. Literie premium, salle de bain avec baignoire et douche séparées, peignoirs et produits de toilette de luxe.",247,2,"Wi-Fi,Climatisation,TV,Minibar,Coffre-fort,Baignoire,Peignoirs"
135,34,Chambre Deluxe,"Chambre de 35 m² entièrement rénovée, décorée par un designer reconnu. Fenêtres panoramiques, lit king-size, walk-in closet et salle de bain dotée d'une douche chromothérapie.",493,2,"Wi-Fi,Climatisation,TV,Minibar,Coffre-fort,Baignoire,Peignoirs,Service en chambre,Nespresso"
136,34,Suite Royale,"Suite signature de l'établissement, 120 m² habillés de matériaux nobles — marbre de Carrare, soieries et bois précieux. Service de majordome 24h/24, transfert en limousine et accès au spa privatif.",2076,4,"Wi-Fi,Climatisation,TV,Minibar,Coffre-fort,Baignoire,Peignoirs,Service en chambre,Nespresso,Terrasse,Salon privé,Jacuzzi,Conciergerie dédiée,Majordome,Spa privatif,Transfert limousine"
137,35,Chambre Classique,"Chambre intime de 20 m² aux tons neutres et apaisants, équipée d'un bureau de travail, d'une télévision écran plat et d'un minibar. Idéale pour un séjour d'affaires ou de loisirs.",136,2,"Wi-Fi,Climatisation,TV,Minibar,Coffre-fort"
138,35,Chambre Supérieure,"Espace de 28 m² rehaussé de touches décoratives élégantes : parquet, moulures, mobilier chiné. Coin salon séparé, nespresso, et accès au club lounge de l'hôtel inclus.",288,2,"Wi-Fi,Climatisation,TV,Minibar,Coffre-fort,Baignoire,Peignoirs"
139,35,Junior Suite,"50 m² de raffinement absolu : dressing privatif, salon avec canapé convertible, salle à manger compacte et salle de bain double vasque avec vue plongeante sur la ville.",691,3,"Wi-Fi,Climatisation,TV,Minibar,Coffre-fort,Baignoire,Peignoirs,Service en chambre,Nespresso,Terrasse,Salon privé"
140,35,Suite Prestige,"Une suite de 85 m² pensée comme un appartement de luxe : deux salles de bain, une cuisine équipée, un salon avec système home cinéma et une terrasse aménagée avec bain à remous.",1259,4,"Wi-Fi,Climatisation,TV,Minibar,Coffre-fort,Baignoire,Peignoirs,Service en chambre,Nespresso,Terrasse,Salon privé,Jacuzzi,Conciergerie dédiée"
141,35,Suite Royale,"Suite signature de l'établissement, 120 m² habillés de matériaux nobles — marbre de Carrare, soieries et bois précieux. Service de majordome 24h/24, transfert en limousine et accès au spa privatif.",2782,4,"Wi-Fi,Climatisation,TV,Minibar,Coffre-fort,Baignoire,Peignoirs,Service en chambre,Nespresso,Terrasse,Salon privé,Jacuzzi,Conciergerie dédiée,Majordome,Spa privatif,Transfert limousine"
142,36,Chambre Classique,"Chambre intime de 20 m² aux tons neutres et apaisants, équipée d'un bureau de travail, d'une télévision écran plat et d'un minibar. Idéale pour un séjour d'affaires ou de loisirs.",133,2,"Wi-Fi,Climatisation,TV,Minibar,Coffre-fort"
143,36,Chambre Supérieure,"Chambre spacieuse de 30 m² avec vue sur la cour intérieure ou les toits de la ville. Literie premium, salle de bain avec baignoire et douche séparées, peignoirs et produits de toilette de luxe.",265,2,"Wi-Fi,Climatisation,TV,Minibar,Coffre-fort,Baignoire,Peignoirs"
144,36,Chambre Deluxe,"Chambre premium de 38 m² bénéficiant d'une vue dégagée. Literie cinq étoiles, salle de bain en marbre avec douche à l'italienne et baignoire îlot, plateau de courtoisie garni.",370,2,"Wi-Fi,Climatisation,TV,Minibar,Coffre-fort,Baignoire,Peignoirs,Service en chambre,Nespresso"
145,37,Chambre Classique,"Chambre intime de 20 m² aux tons neutres et apaisants, équipée d'un bureau de travail, d'une télévision écran plat et d'un minibar. Idéale pour un séjour d'affaires ou de loisirs.",176,2,"Wi-Fi,Climatisation,TV,Minibar,Coffre-fort"
146,37,Chambre Supérieure,"Espace de 28 m² rehaussé de touches décoratives élégantes : parquet, moulures, mobilier chiné. Coin salon séparé, nespresso, et accès au club lounge de l'hôtel inclus.",295,2,"Wi-Fi,Climatisation,TV,Minibar,Coffre-fort,Baignoire,Peignoirs"
147,37,Chambre Deluxe,"Chambre de 35 m² entièrement rénovée, décorée par un designer reconnu. Fenêtres panoramiques, lit king-size, walk-in closet et salle de bain dotée d'une douche chromothérapie.",360,2,"Wi-Fi,Climatisation,TV,Minibar,Coffre-fort,Baignoire,Peignoirs,Service en chambre,Nespresso"
148,38,Chambre Classique,"Chambre confortable de 22 m², décorée avec soin, dotée d'un lit double ou twin, d'une salle de bain privative avec douche, de la climatisation et d'une connexion Wi-Fi haut débit.",126,2,"Wi-Fi,Climatisation,TV,Minibar,Coffre-fort"
149,38,Suite Prestige,"Suite de 90 m² au dernier étage, offrant une vue à 180° sur les monuments et les toits. Salon de réception, salle à manger privée, chambre aux volumes majestueux et salle de bain spa avec jacuzzi.",1221,4,"Wi-Fi,Climatisation,TV,Minibar,Coffre-fort,Baignoire,Peignoirs,Service en chambre,Nespresso,Terrasse,Salon privé,Jacuzzi,Conciergerie dédiée"
150,38,Suite Royale,"L'apogée du luxe : 140 m² déployés sur un étage, avec grand salon de réception, bureau directorial, chambre principale et seconde chambre d'appoint, deux salles de bain en onyx et terrasse panoramique.",2100,4,"Wi-Fi,Climatisation,TV,Minibar,Coffre-fort,Baignoire,Peignoirs,Service en chambre,Nespresso,Terrasse,Salon privé,Jacuzzi,Conciergerie dédiée,Majordome,Spa privatif,Transfert limousine"
151,39,Chambre Classique,"Chambre intime de 20 m² aux tons neutres et apaisants, équipée d'un bureau de travail, d'une télévision écran plat et d'un minibar. Idéale pour un séjour d'affaires ou de loisirs.",145,2,"Wi-Fi,Climatisation,TV,Minibar,Coffre-fort"
152,39,Junior Suite,"50 m² de raffinement absolu : dressing privatif, salon avec canapé convertible, salle à manger compacte et salle de bain double vasque avec vue plongeante sur la ville.",574,3,"Wi-Fi,Climatisation,TV,Minibar,Coffre-fort,Baignoire,Peignoirs,Service en chambre,Nespresso,Terrasse,Salon privé"
153,39,Suite Prestige,"Une suite de 85 m² pensée comme un appartement de luxe : deux salles de bain, une cuisine équipée, un salon avec système home cinéma et une terrasse aménagée avec bain à remous.",1348,4,"Wi-Fi,Climatisation,TV,Minibar,Coffre-fort,Baignoire,Peignoirs,Service en chambre,Nespresso,Terrasse,Salon privé,Jacuzzi,Conciergerie dédiée"
154,39,Suite Royale,"L'apogée du luxe : 140 m² déployés sur un étage, avec grand salon de réception, bureau directorial, chambre principale et seconde chambre d'appoint, deux salles de bain en onyx et terrasse panoramique.",2584,4,"Wi-Fi,Climatisation,TV,Minibar,Coffre-fort,Baignoire,Peignoirs,Service en chambre,Nespresso,Terrasse,Salon privé,Jacuzzi,Conciergerie dédiée,Majordome,Spa privatif,Transfert limousine"
155,40,Chambre Classique,"Chambre intime de 20 m² aux tons neutres et apaisants, équipée d'un bureau de travail, d'une télévision écran plat et d'un minibar. Idéale pour un séjour d'affaires ou de loisirs.",131,2,"Wi-Fi,Climatisation,TV,Minibar,Coffre-fort"
156,40,Chambre Supérieure,"Chambre spacieuse de 30 m² avec vue sur la cour intérieure ou les toits de la ville. Literie premium, salle de bain avec baignoire et douche séparées, peignoirs et produits de toilette de luxe.",270,2,"Wi-Fi,Climatisation,TV,Minibar,Coffre-fort,Baignoire,Peignoirs"
157,40,Junior Suite,"Suite de 55 m² composée d'un salon lumineux et d'une chambre séparée. Terrasse privative avec mobilier de jardin, salle de bain en marbre, hammam et produits de soin exclusifs.",633,3,"Wi-Fi,Climatisation,TV,Minibar,Coffre-fort,Baignoire,Peignoirs,Service en chambre,Nespresso,Terrasse,Salon privé"
158,40,Suite Royale,"Suite signature de l'établissement, 120 m² habillés de matériaux nobles — marbre de Carrare, soieries et bois précieux. Service de majordome 24h/24, transfert en limousine et accès au spa privatif.",3376,4,"Wi-Fi,Climatisation,TV,Minibar,Coffre-fort,Baignoire,Peignoirs,Service en chambre,Nespresso,Terrasse,Salon privé,Jacuzzi,Conciergerie dédiée,Majordome,Spa privatif,Transfert limousine"
159,41,Chambre Classique,"Chambre intime de 20 m² aux tons neutres et apaisants, équipée d'un bureau de travail, d'une télévision écran plat et d'un minibar. Idéale pour un séjour d'affaires ou de loisirs.",191,2,"Wi-Fi,Climatisation,TV,Minibar,Coffre-fort"
160,41,Chambre Supérieure,"Espace de 28 m² rehaussé de touches décoratives élégantes : parquet, moulures, mobilier chiné. Coin salon séparé, nespresso, et accès au club lounge de l'hôtel inclus.",242,2,"Wi-Fi,Climatisation,TV,Minibar,Coffre-fort,Baignoire,Peignoirs"
161,41,Junior Suite,"Suite de 55 m² composée d'un salon lumineux et d'une chambre séparée. Terrasse privative avec mobilier de jardin, salle de bain en marbre, hammam et produits de soin exclusifs.",630,3,"Wi-Fi,Climatisation,TV,Minibar,Coffre-fort,Baignoire,Peignoirs,Service en chambre,Nespresso,Terrasse,Salon privé"
162,41,Suite Prestige,"Suite de 90 m² au dernier étage, offrant une vue à 180° sur les monuments et les toits. Salon de réception, salle à manger privée, chambre aux volumes majestueux et salle de bain spa avec jacuzzi.",888,4,"Wi-Fi,Climatisation,TV,Minibar,Coffre-fort,Baignoire,Peignoirs,Service en chambre,Nespresso,Terrasse,Salon privé,Jacuzzi,Conciergerie dédiée"
163,41,Suite Royale,"Suite signature de l'établissement, 120 m² habillés de matériaux nobles — marbre de Carrare, soieries et bois précieux. Service de majordome 24h/24, transfert en limousine et accès au spa privatif.",3591,4,"Wi-Fi,Climatisation,TV,Minibar,Coffre-fort,Baignoire,Peignoirs,Service en chambre,Nespresso,Terrasse,Salon privé,Jacuzzi,Conciergerie dédiée,Majordome,Spa privatif,Transfert limousine"
164,42,Chambre Classique,"Chambre intime de 20 m² aux tons neutres et apaisants, équipée d'un bureau de travail, d'une télévision écran plat et d'un minibar. Idéale pour un séjour d'affaires ou de loisirs.",152,2,"Wi-Fi,Climatisation,TV,Minibar,Coffre-fort"
165,42,Chambre Supérieure,"Espace de 28 m² rehaussé de touches décoratives élégantes : parquet, moulures, mobilier chiné. Coin salon séparé, nespresso, et accès au club lounge de l'hôtel inclus.",218,2,"Wi-Fi,Climatisation,TV,Minibar,Coffre-fort,Baignoire,Peignoirs"
166,42,Chambre Deluxe,"Chambre premium de 38 m² bénéficiant d'une vue dégagée. Literie cinq étoiles, salle de bain en marbre avec douche à l'italienne et baignoire îlot, plateau de courtoisie garni.",380,2,"Wi-Fi,Climatisation,TV,Minibar,Coffre-fort,Baignoire,Peignoirs,Service en chambre,Nespresso"
167,42,Junior Suite,"50 m² de raffinement absolu : dressing privatif, salon avec canapé convertible, salle à manger compacte et salle de bain double vasque avec vue plongeante sur la ville.",683,3,"Wi-Fi,Climatisation,TV,Minibar,Coffre-fort,Baignoire,Peignoirs,Service en chambre,Nespresso,Terrasse,Salon privé"
168,42,Suite Prestige,"Une suite de 85 m² pensée comme un appartement de luxe : deux salles de bain, une cuisine équipée, un salon avec système home cinéma et une terrasse aménagée avec bain à remous.",870,4,"Wi-Fi,Climatisation,TV,Minibar,Coffre-fort,Baignoire,Peignoirs,Service en chambre,Nespresso,Terrasse,Salon privé,Jacuzzi,Conciergerie dédiée"
169,43,Chambre Classique,"Chambre intime de 20 m² aux tons neutres et apaisants, équipée d'un bureau de travail, d'une télévision écran plat et d'un minibar. Idéale pour un séjour d'affaires ou de loisirs.",140,2,"Wi-Fi,Climatisation,TV,Minibar,Coffre-fort"
170,43,Chambre Supérieure,"Chambre spacieuse de 30 m² avec vue sur la cour intérieure ou les toits de la ville. Literie premium, salle de bain avec baignoire et douche séparées, peignoirs et produits de toilette de luxe.",315,2,"Wi-Fi,Climatisation,TV,Minibar,Coffre-fort,Baignoire,Peignoirs"
171,43,Junior Suite,"Suite de 55 m² composée d'un salon lumineux et d'une chambre séparée. Terrasse privative avec mobilier de jardin, salle de bain en marbre, hammam et produits de soin exclusifs.",773,3,"Wi-Fi,Climatisation,TV,Minibar,Coffre-fort,Baignoire,Peignoirs,Service en chambre,Nespresso,Terrasse,Salon privé"
172,43,Suite Royale,"Suite signature de l'établissement, 120 m² habillés de matériaux nobles — marbre de Carrare, soieries et bois précieux. Service de majordome 24h/24, transfert en limousine et accès au spa privatif.",2584,4,"Wi-Fi,Climatisation,TV,Minibar,Coffre-fort,Baignoire,Peignoirs,Service en chambre,Nespresso,Terrasse,Salon privé,Jacuzzi,Conciergerie dédiée,Majordome,Spa privatif,Transfert limousine"
173,44,Chambre Classique,"Chambre intime de 20 m² aux tons neutres et apaisants, équipée d'un bureau de travail, d'une télévision écran plat et d'un minibar. Idéale pour un séjour d'affaires ou de loisirs.",131,2,"Wi-Fi,Climatisation,TV,Minibar,Coffre-fort"
174,44,Chambre Supérieure,"Chambre spacieuse de 30 m² avec vue sur la cour intérieure ou les toits de la ville. Literie premium, salle de bain avec baignoire et douche séparées, peignoirs et produits de toilette de luxe.",200,2,"Wi-Fi,Climatisation,TV,Minibar,Coffre-fort,Baignoire,Peignoirs"
175,44,Chambre Deluxe,"Chambre premium de 38 m² bénéficiant d'une vue dégagée. Literie cinq étoiles, salle de bain en marbre avec douche à l'italienne et baignoire îlot, plateau de courtoisie garni.",457,2,"Wi-Fi,Climatisation,TV,Minibar,Coffre-fort,Baignoire,Peignoirs,Service en chambre,Nespresso"
176,44,Junior Suite,"50 m² de raffinement absolu : dressing privatif, salon avec canapé convertible, salle à manger compacte et salle de bain double vasque avec vue plongeante sur la ville.",752,3,"Wi-Fi,Climatisation,TV,Minibar,Coffre-fort,Baignoire,Peignoirs,Service en chambre,Nespresso,Terrasse,Salon privé"
177,44,Suite Prestige,"Suite de 90 m² au dernier étage, offrant une vue à 180° sur les monuments et les toits. Salon de réception, salle à manger privée, chambre aux volumes majestueux et salle de bain spa avec jacuzzi.",950,4,"Wi-Fi,Climatisation,TV,Minibar,Coffre-fort,Baignoire,Peignoirs,Service en chambre,Nespresso,Terrasse,Salon privé,Jacuzzi,Conciergerie dédiée"
178,45,Chambre Classique,"Chambre intime de 20 m² aux tons neutres et apaisants, équipée d'un bureau de travail, d'une télévision écran plat et d'un minibar. Idéale pour un séjour d'affaires ou de loisirs.",167,2,"Wi-Fi,Climatisation,TV,Minibar,Coffre-fort"
179,45,Chambre Deluxe,"Chambre premium de 38 m² bénéficiant d'une vue dégagée. Literie cinq étoiles, salle de bain en marbre avec douche à l'italienne et baignoire îlot, plateau de courtoisie garni.",386,2,"Wi-Fi,Climatisation,TV,Minibar,Coffre-fort,Baignoire,Peignoirs,Service en chambre,Nespresso"
180,45,Junior Suite,"Suite de 55 m² composée d'un salon lumineux et d'une chambre séparée. Terrasse privative avec mobilier de jardin, salle de bain en marbre, hammam et produits de soin exclusifs.",614,3,"Wi-Fi,Climatisation,TV,Minibar,Coffre-fort,Baignoire,Peignoirs,Service en chambre,Nespresso,Terrasse,Salon privé"
181,45,Suite Prestige,"Une suite de 85 m² pensée comme un appartement de luxe : deux salles de bain, une cuisine équipée, un salon avec système home cinéma et une terrasse aménagée avec bain à remous.",1277,4,"Wi-Fi,Climatisation,TV,Minibar,Coffre-fort,Baignoire,Peignoirs,Service en chambre,Nespresso,Terrasse,Salon privé,Jacuzzi,Conciergerie dédiée"
182,45,Suite Royale,"Suite signature de l'établissement, 120 m² habillés de matériaux nobles — marbre de Carrare, soieries et bois précieux. Service de majordome 24h/24, transfert en limousine et accès au spa privatif.",3792,4,"Wi-Fi,Climatisation,TV,Minibar,Coffre-fort,Baignoire,Peignoirs,Service en chambre,Nespresso,Terrasse,Salon privé,Jacuzzi,Conciergerie dédiée,Majordome,Spa privatif,Transfert limousine"
183,46,Chambre Classique,"Chambre intime de 20 m² aux tons neutres et apaisants, équipée d'un bureau de travail, d'une télévision écran plat et d'un minibar. Idéale pour un séjour d'affaires ou de loisirs.",152,2,"Wi-Fi,Climatisation,TV,Minibar,Coffre-fort"
184,46,Chambre Supérieure,"Espace de 28 m² rehaussé de touches décoratives élégantes : parquet, moulures, mobilier chiné. Coin salon séparé, nespresso, et accès au club lounge de l'hôtel inclus.",247,2,"Wi-Fi,Climatisation,TV,Minibar,Coffre-fort,Baignoire,Peignoirs"
185,46,Chambre Deluxe,"Chambre de 35 m² entièrement rénovée, décorée par un designer reconnu. Fenêtres panoramiques, lit king-size, walk-in closet et salle de bain dotée d'une douche chromothérapie.",451,2,"Wi-Fi,Climatisation,TV,Minibar,Coffre-fort,Baignoire,Peignoirs,Service en chambre,Nespresso"
186,46,Junior Suite,"50 m² de raffinement absolu : dressing privatif, salon avec canapé convertible, salle à manger compacte et salle de bain double vasque avec vue plongeante sur la ville.",523,3,"Wi-Fi,Climatisation,TV,Minibar,Coffre-fort,Baignoire,Peignoirs,Service en chambre,Nespresso,Terrasse,Salon privé"
187,47,Chambre Classique,"Chambre confortable de 22 m², décorée avec soin, dotée d'un lit double ou twin, d'une salle de bain privative avec douche, de la climatisation et d'une connexion Wi-Fi haut débit.",145,2,"Wi-Fi,Climatisation,TV,Minibar,Coffre-fort"
188,47,Chambre Supérieure,"Chambre spacieuse de 30 m² avec vue sur la cour intérieure ou les toits de la ville. Literie premium, salle de bain avec baignoire et douche séparées, peignoirs et produits de toilette de luxe.",226,2,"Wi-Fi,Climatisation,TV,Minibar,Coffre-fort,Baignoire,Peignoirs"
189,47,Chambre Deluxe,"Chambre de 35 m² entièrement rénovée, décorée par un designer reconnu. Fenêtres panoramiques, lit king-size, walk-in closet et salle de bain dotée d'une douche chromothérapie.",415,2,"Wi-Fi,Climatisation,TV,Minibar,Coffre-fort,Baignoire,Peignoirs,Service en chambre,Nespresso"
190,47,Suite Prestige,"Une suite de 85 m² pensée comme un appartement de luxe : deux salles de bain, une cuisine équipée, un salon avec système home cinéma et une terrasse aménagée avec bain à remous.",1319,4,"Wi-Fi,Climatisation,TV,Minibar,Coffre-fort,Baignoire,Peignoirs,Service en chambre,Nespresso,Terrasse,Salon privé,Jacuzzi,Conciergerie dédiée"
191,48,Chambre Classique,"Chambre confortable de 22 m², décorée avec soin, dotée d'un lit double ou twin, d'une salle de bain privative avec douche, de la climatisation et d'une connexion Wi-Fi haut débit.",161,2,"Wi-Fi,Climatisation,TV,Minibar,Coffre-fort"
192,48,Chambre Supérieure,"Espace de 28 m² rehaussé de touches décoratives élégantes : parquet, moulures, mobilier chiné. Coin salon séparé, nespresso, et accès au club lounge de l'hôtel inclus.",273,2,"Wi-Fi,Climatisation,TV,Minibar,Coffre-fort,Baignoire,Peignoirs"
193,48,Chambre Deluxe,"Chambre premium de 38 m² bénéficiant d'une vue dégagée. Literie cinq étoiles, salle de bain en marbre avec douche à l'italienne et baignoire îlot, plateau de courtoisie garni.",470,2,"Wi-Fi,Climatisation,TV,Minibar,Coffre-fort,Baignoire,Peignoirs,Service en chambre,Nespresso"
194,48,Junior Suite,"50 m² de raffinement absolu : dressing privatif, salon avec canapé convertible, salle à manger compacte et salle de bain double vasque avec vue plongeante sur la ville.",526,3,"Wi-Fi,Climatisation,TV,Minibar,Coffre-fort,Baignoire,Peignoirs,Service en chambre,Nespresso,Terrasse,Salon privé"
195,48,Suite Prestige,"Une suite de 85 m² pensée comme un appartement de luxe : deux salles de bain, une cuisine équipée, un salon avec système home cinéma et une terrasse aménagée avec bain à remous.",1067,4,"Wi-Fi,Climatisation,TV,Minibar,Coffre-fort,Baignoire,Peignoirs,Service en chambre,Nespresso,Terrasse,Salon privé,Jacuzzi,Conciergerie dédiée"
196,49,Chambre Classique,"Chambre confortable de 22 m², décorée avec soin, dotée d'un lit double ou twin, d'une salle de bain privative avec douche, de la climatisation et d'une connexion Wi-Fi haut débit.",147,2,"Wi-Fi,Climatisation,TV,Minibar,Coffre-fort"
197,49,Chambre Deluxe,"Chambre premium de 38 m² bénéficiant d'une vue dégagée. Literie cinq étoiles, salle de bain en marbre avec douche à l'italienne et baignoire îlot, plateau de courtoisie garni.",387,2,"Wi-Fi,Climatisation,TV,Minibar,Coffre-fort,Baignoire,Peignoirs,Service en chambre,Nespresso"
198,49,Junior Suite,"Suite de 55 m² composée d'un salon lumineux et d'une chambre séparée. Terrasse privative avec mobilier de jardin, salle de bain en marbre, hammam et produits de soin exclusifs.",765,3,"Wi-Fi,Climatisation,TV,Minibar,Coffre-fort,Baignoire,Peignoirs,Service en chambre,Nespresso,Terrasse,Salon privé"
199,50,Chambre Classique,"Chambre intime de 20 m² aux tons neutres et apaisants, équipée d'un bureau de travail, d'une télévision écran plat et d'un minibar. Idéale pour un séjour d'affaires ou de loisirs.",189,2,"Wi-Fi,Climatisation,TV,Minibar,Coffre-fort"
200,50,Chambre Deluxe,"Chambre premium de 38 m² bénéficiant d'une vue dégagée. Literie cinq étoiles, salle de bain en marbre avec douche à l'italienne et baignoire îlot, plateau de courtoisie garni.",371,2,"Wi-Fi,Climatisation,TV,Minibar,Coffre-fort,Baignoire,Peignoirs,Service en chambre,Nespresso"
201,50,Junior Suite,"50 m² de raffinement absolu : dressing privatif, salon avec canapé convertible, salle à manger compacte et salle de bain double vasque avec vue plongeante sur la ville.",502,3,"Wi-Fi,Climatisation,TV,Minibar,Coffre-fort,Baignoire,Peignoirs,Service en chambre,Nespresso,Terrasse,Salon privé"
202,50,Suite Royale,"Suite signature de l'établissement, 120 m² habillés de matériaux nobles — marbre de Carrare, soieries et bois précieux. Service de majordome 24h/24, transfert en limousine et accès au spa privatif.",2037,4,"Wi-Fi,Climatisation,TV,Minibar,Coffre-fort,Baignoire,Peignoirs,Service en chambre,Nespresso,Terrasse,Salon privé,Jacuzzi,Conciergerie dédiée,Majordome,Spa privatif,Transfert limousine"
203,51,Chambre Classique,"Chambre intime de 20 m² aux tons neutres et apaisants, équipée d'un bureau de travail, d'une télévision écran plat et d'un minibar. Idéale pour un séjour d'affaires ou de loisirs.",184,2,"Wi-Fi,Climatisation,TV,Minibar,Coffre-fort"
204,51,Chambre Deluxe,"Chambre de 35 m² entièrement rénovée, décorée par un designer reconnu. Fenêtres panoramiques, lit king-size, walk-in closet et salle de bain dotée d'une douche chromothérapie.",433,2,"Wi-Fi,Climatisation,TV,Minibar,Coffre-fort,Baignoire,Peignoirs,Service en chambre,Nespresso"
205,51,Junior Suite,"50 m² de raffinement absolu : dressing privatif, salon avec canapé convertible, salle à manger compacte et salle de bain double vasque avec vue plongeante sur la ville.",530,3,"Wi-Fi,Climatisation,TV,Minibar,Coffre-fort,Baignoire,Peignoirs,Service en chambre,Nespresso,Terrasse,Salon privé"
206,51,Suite Prestige,"Suite de 90 m² au dernier étage, offrant une vue à 180° sur les monuments et les toits. Salon de réception, salle à manger privée, chambre aux volumes majestueux et salle de bain spa avec jacuzzi.",1373,4,"Wi-Fi,Climatisation,TV,Minibar,Coffre-fort,Baignoire,Peignoirs,Service en chambre,Nespresso,Terrasse,Salon privé,Jacuzzi,Conciergerie dédiée"
207,51,Suite Royale,"Suite signature de l'établissement, 120 m² habillés de matériaux nobles — marbre de Carrare, soieries et bois précieux. Service de majordome 24h/24, transfert en limousine et accès au spa privatif.",3397,4,"Wi-Fi,Climatisation,TV,Minibar,Coffre-fort,Baignoire,Peignoirs,Service en chambre,Nespresso,Terrasse,Salon privé,Jacuzzi,Conciergerie dédiée,Majordome,Spa privatif,Transfert limousine"
208,52,Chambre Classique,"Chambre intime de 20 m² aux tons neutres et apaisants, équipée d'un bureau de travail, d'une télévision écran plat et d'un minibar. Idéale pour un séjour d'affaires ou de loisirs.",178,2,"Wi-Fi,Climatisation,TV,Minibar,Coffre-fort"
209,52,Chambre Supérieure,"Espace de 28 m² rehaussé de touches décoratives élégantes : parquet, moulures, mobilier chiné. Coin salon séparé, nespresso, et accès au club lounge de l'hôtel inclus.",290,2,"Wi-Fi,Climatisation,TV,Minibar,Coffre-fort,Baignoire,Peignoirs"
210,52,Chambre Deluxe,"Chambre de 35 m² entièrement rénovée, décorée par un designer reconnu. Fenêtres panoramiques, lit king-size, walk-in closet et salle de bain dotée d'une douche chromothérapie.",449,2,"Wi-Fi,Climatisation,TV,Minibar,Coffre-fort,Baignoire,Peignoirs,Service en chambre,Nespresso"
211,52,Junior Suite,"Suite de 55 m² composée d'un salon lumineux et d'une chambre séparée. Terrasse privative avec mobilier de jardin, salle de bain en marbre, hammam et produits de soin exclusifs.",502,3,"Wi-Fi,Climatisation,TV,Minibar,Coffre-fort,Baignoire,Peignoirs,Service en chambre,Nespresso,Terrasse,Salon privé"
212,52,Suite Prestige,"Suite de 90 m² au dernier étage, offrant une vue à 180° sur les monuments et les toits. Salon de réception, salle à manger privée, chambre aux volumes majestueux et salle de bain spa avec jacuzzi.",807,4,"Wi-Fi,Climatisation,TV,Minibar,Coffre-fort,Baignoire,Peignoirs,Service en chambre,Nespresso,Terrasse,Salon privé,Jacuzzi,Conciergerie dédiée"
213,53,Chambre Classique,"Chambre confortable de 22 m², décorée avec soin, dotée d'un lit double ou twin, d'une salle de bain privative avec douche, de la climatisation et d'une connexion Wi-Fi haut débit.",135,2,"Wi-Fi,Climatisation,TV,Minibar,Coffre-fort"
214,53,Chambre Supérieure,"Chambre spacieuse de 30 m² avec vue sur la cour intérieure ou les toits de la ville. Literie premium, salle de bain avec baignoire et douche séparées, peignoirs et produits de toilette de luxe.",234,2,"Wi-Fi,Climatisation,TV,Minibar,Coffre-fort,Baignoire,Peignoirs"
215,53,Chambre Deluxe,"Chambre premium de 38 m² bénéficiant d'une vue dégagée. Literie cinq étoiles, salle de bain en marbre avec douche à l'italienne et baignoire îlot, plateau de courtoisie garni.",398,2,"Wi-Fi,Climatisation,TV,Minibar,Coffre-fort,Baignoire,Peignoirs,Service en chambre,Nespresso"
216,53,Junior Suite,"50 m² de raffinement absolu : dressing privatif, salon avec canapé convertible, salle à manger compacte et salle de bain double vasque avec vue plongeante sur la ville.",608,3,"Wi-Fi,Climatisation,TV,Minibar,Coffre-fort,Baignoire,Peignoirs,Service en chambre,Nespresso,Terrasse,Salon privé"
217,53,Suite Prestige,"Une suite de 85 m² pensée comme un appartement de luxe : deux salles de bain, une cuisine équipée, un salon avec système home cinéma et une terrasse aménagée avec bain à remous.",1189,4,"Wi-Fi,Climatisation,TV,Minibar,Coffre-fort,Baignoire,Peignoirs,Service en chambre,Nespresso,Terrasse,Salon privé,Jacuzzi,Conciergerie dédiée"
218,54,Chambre Classique,"Chambre confortable de 22 m², décorée avec soin, dotée d'un lit double ou twin, d'une salle de bain privative avec douche, de la climatisation et d'une connexion Wi-Fi haut débit.",137,2,"Wi-Fi,Climatisation,TV,Minibar,Coffre-fort"
219,54,Chambre Supérieure,"Chambre spacieuse de 30 m² avec vue sur la cour intérieure ou les toits de la ville. Literie premium, salle de bain avec baignoire et douche séparées, peignoirs et produits de toilette de luxe.",276,2,"Wi-Fi,Climatisation,TV,Minibar,Coffre-fort,Baignoire,Peignoirs"
220,54,Junior Suite,"50 m² de raffinement absolu : dressing privatif, salon avec canapé convertible, salle à manger compacte et salle de bain double vasque avec vue plongeante sur la ville.",599,3,"Wi-Fi,Climatisation,TV,Minibar,Coffre-fort,Baignoire,Peignoirs,Service en chambre,Nespresso,Terrasse,Salon privé"
221,54,Suite Prestige,"Suite de 90 m² au dernier étage, offrant une vue à 180° sur les monuments et les toits. Salon de réception, salle à manger privée, chambre aux volumes majestueux et salle de bain spa avec jacuzzi.",1322,4,"Wi-Fi,Climatisation,TV,Minibar,Coffre-fort,Baignoire,Peignoirs,Service en chambre,Nespresso,Terrasse,Salon privé,Jacuzzi,Conciergerie dédiée"
222,54,Suite Royale,"L'apogée du luxe : 140 m² déployés sur un étage, avec grand salon de réception, bureau directorial, chambre principale et seconde chambre d'appoint, deux salles de bain en onyx et terrasse panoramique.",1769,4,"Wi-Fi,Climatisation,TV,Minibar,Coffre-fort,Baignoire,Peignoirs,Service en chambre,Nespresso,Terrasse,Salon privé,Jacuzzi,Conciergerie dédiée,Majordome,Spa privatif,Transfert limousine"
223,55,Chambre Classique,"Chambre intime de 20 m² aux tons neutres et apaisants, équipée d'un bureau de travail, d'une télévision écran plat et d'un minibar. Idéale pour un séjour d'affaires ou de loisirs.",141,2,"Wi-Fi,Climatisation,TV,Minibar,Coffre-fort"
224,55,Chambre Supérieure,"Chambre spacieuse de 30 m² avec vue sur la cour intérieure ou les toits de la ville. Literie premium, salle de bain avec baignoire et douche séparées, peignoirs et produits de toilette de luxe.",276,2,"Wi-Fi,Climatisation,TV,Minibar,Coffre-fort,Baignoire,Peignoirs"
225,55,Suite Royale,"L'apogée du luxe : 140 m² déployés sur un étage, avec grand salon de réception, bureau directorial, chambre principale et seconde chambre d'appoint, deux salles de bain en onyx et terrasse panoramique.",2244,4,"Wi-Fi,Climatisation,TV,Minibar,Coffre-fort,Baignoire,Peignoirs,Service en chambre,Nespresso,Terrasse,Salon privé,Jacuzzi,Conciergerie dédiée,Majordome,Spa privatif,Transfert limousine"
226,56,Chambre Classique,"Chambre confortable de 22 m², décorée avec soin, dotée d'un lit double ou twin, d'une salle de bain privative avec douche, de la climatisation et d'une connexion Wi-Fi haut débit.",151,2,"Wi-Fi,Climatisation,TV,Minibar,Coffre-fort"
227,56,Suite Prestige,"Suite de 90 m² au dernier étage, offrant une vue à 180° sur les monuments et les toits. Salon de réception, salle à manger privée, chambre aux volumes majestueux et salle de bain spa avec jacuzzi.",1364,4,"Wi-Fi,Climatisation,TV,Minibar,Coffre-fort,Baignoire,Peignoirs,Service en chambre,Nespresso,Terrasse,Salon privé,Jacuzzi,Conciergerie dédiée"
228,56,Suite Royale,"L'apogée du luxe : 140 m² déployés sur un étage, avec grand salon de réception, bureau directorial, chambre principale et seconde chambre d'appoint, deux salles de bain en onyx et terrasse panoramique.",2938,4,"Wi-Fi,Climatisation,TV,Minibar,Coffre-fort,Baignoire,Peignoirs,Service en chambre,Nespresso,Terrasse,Salon privé,Jacuzzi,Conciergerie dédiée,Majordome,Spa privatif,Transfert limousine"
229,57,Chambre Classique,"Chambre intime de 20 m² aux tons neutres et apaisants, équipée d'un bureau de travail, d'une télévision écran plat et d'un minibar. Idéale pour un séjour d'affaires ou de loisirs.",123,2,"Wi-Fi,Climatisation,TV,Minibar,Coffre-fort"
230,57,Chambre Supérieure,"Chambre spacieuse de 30 m² avec vue sur la cour intérieure ou les toits de la ville. Literie premium, salle de bain avec baignoire et douche séparées, peignoirs et produits de toilette de luxe.",244,2,"Wi-Fi,Climatisation,TV,Minibar,Coffre-fort,Baignoire,Peignoirs"
231,57,Chambre Deluxe,"Chambre de 35 m² entièrement rénovée, décorée par un designer reconnu. Fenêtres panoramiques, lit king-size, walk-in closet et salle de bain dotée d'une douche chromothérapie.",473,2,"Wi-Fi,Climatisation,TV,Minibar,Coffre-fort,Baignoire,Peignoirs,Service en chambre,Nespresso"
232,57,Junior Suite,"50 m² de raffinement absolu : dressing privatif, salon avec canapé convertible, salle à manger compacte et salle de bain double vasque avec vue plongeante sur la ville.",523,3,"Wi-Fi,Climatisation,TV,Minibar,Coffre-fort,Baignoire,Peignoirs,Service en chambre,Nespresso,Terrasse,Salon privé"
233,57,Suite Royale,"Suite signature de l'établissement, 120 m² habillés de matériaux nobles — marbre de Carrare, soieries et bois précieux. Service de majordome 24h/24, transfert en limousine et accès au spa privatif.",3291,4,"Wi-Fi,Climatisation,TV,Minibar,Coffre-fort,Baignoire,Peignoirs,Service en chambre,Nespresso,Terrasse,Salon privé,Jacuzzi,Conciergerie dédiée,Majordome,Spa privatif,Transfert limousine"
234,58,Chambre Classique,"Chambre intime de 20 m² aux tons neutres et apaisants, équipée d'un bureau de travail, d'une télévision écran plat et d'un minibar. Idéale pour un séjour d'affaires ou de loisirs.",120,2,"Wi-Fi,Climatisation,TV,Minibar,Coffre-fort"
235,58,Chambre Supérieure,"Chambre spacieuse de 30 m² avec vue sur la cour intérieure ou les toits de la ville. Literie premium, salle de bain avec baignoire et douche séparées, peignoirs et produits de toilette de luxe.",305,2,"Wi-Fi,Climatisation,TV,Minibar,Coffre-fort,Baignoire,Peignoirs"
236,58,Chambre Deluxe,"Chambre premium de 38 m² bénéficiant d'une vue dégagée. Literie cinq étoiles, salle de bain en marbre avec douche à l'italienne et baignoire îlot, plateau de courtoisie garni.",420,2,"Wi-Fi,Climatisation,TV,Minibar,Coffre-fort,Baignoire,Peignoirs,Service en chambre,Nespresso"
237,58,Junior Suite,"Suite de 55 m² composée d'un salon lumineux et d'une chambre séparée. Terrasse privative avec mobilier de jardin, salle de bain en marbre, hammam et produits de soin exclusifs.",555,3,"Wi-Fi,Climatisation,TV,Minibar,Coffre-fort,Baignoire,Peignoirs,Service en chambre,Nespresso,Terrasse,Salon privé"
238,58,Suite Royale,"Suite signature de l'établissement, 120 m² habillés de matériaux nobles — marbre de Carrare, soieries et bois précieux. Service de majordome 24h/24, transfert en limousine et accès au spa privatif.",1572,4,"Wi-Fi,Climatisation,TV,Minibar,Coffre-fort,Baignoire,Peignoirs,Service en chambre,Nespresso,Terrasse,Salon privé,Jacuzzi,Conciergerie dédiée,Majordome,Spa privatif,Transfert limousine"
239,59,Chambre Classique,"Chambre intime de 20 m² aux tons neutres et apaisants, équipée d'un bureau de travail, d'une télévision écran plat et d'un minibar. Idéale pour un séjour d'affaires ou de loisirs.",145,2,"Wi-Fi,Climatisation,TV,Minibar,Coffre-fort"
240,59,Chambre Supérieure,"Espace de 28 m² rehaussé de touches décoratives élégantes : parquet, moulures, mobilier chiné. Coin salon séparé, nespresso, et accès au club lounge de l'hôtel inclus.",212,2,"Wi-Fi,Climatisation,TV,Minibar,Coffre-fort,Baignoire,Peignoirs"
241,59,Suite Royale,"Suite signature de l'établissement, 120 m² habillés de matériaux nobles — marbre de Carrare, soieries et bois précieux. Service de majordome 24h/24, transfert en limousine et accès au spa privatif.",3648,4,"Wi-Fi,Climatisation,TV,Minibar,Coffre-fort,Baignoire,Peignoirs,Service en chambre,Nespresso,Terrasse,Salon privé,Jacuzzi,Conciergerie dédiée,Majordome,Spa privatif,Transfert limousine"
242,60,Chambre Classique,"Chambre intime de 20 m² aux tons neutres et apaisants, équipée d'un bureau de travail, d'une télévision écran plat et d'un minibar. Idéale pour un séjour d'affaires ou de loisirs.",200,2,"Wi-Fi,Climatisation,TV,Minibar,Coffre-fort"
243,60,Chambre Supérieure,"Chambre spacieuse de 30 m² avec vue sur la cour intérieure ou les toits de la ville. Literie premium, salle de bain avec baignoire et douche séparées, peignoirs et produits de toilette de luxe.",294,2,"Wi-Fi,Climatisation,TV,Minibar,Coffre-fort,Baignoire,Peignoirs"
244,60,Chambre Deluxe,"Chambre de 35 m² entièrement rénovée, décorée par un designer reconnu. Fenêtres panoramiques, lit king-size, walk-in closet et salle de bain dotée d'une douche chromothérapie.",499,2,"Wi-Fi,Climatisation,TV,Minibar,Coffre-fort,Baignoire,Peignoirs,Service en chambre,Nespresso"
245,60,Junior Suite,"Suite de 55 m² composée d'un salon lumineux et d'une chambre séparée. Terrasse privative avec mobilier de jardin, salle de bain en marbre, hammam et produits de soin exclusifs.",771,3,"Wi-Fi,Climatisation,TV,Minibar,Coffre-fort,Baignoire,Peignoirs,Service en chambre,Nespresso,Terrasse,Salon privé"
246,61,Chambre Classique,"Chambre confortable de 22 m², décorée avec soin, dotée d'un lit double ou twin, d'une salle de bain privative avec douche, de la climatisation et d'une connexion Wi-Fi haut débit.",150,2,"Wi-Fi,Climatisation,TV,Minibar,Coffre-fort"
247,61,Chambre Supérieure,"Espace de 28 m² rehaussé de touches décoratives élégantes : parquet, moulures, mobilier chiné. Coin salon séparé, nespresso, et accès au club lounge de l'hôtel inclus.",318,2,"Wi-Fi,Climatisation,TV,Minibar,Coffre-fort,Baignoire,Peignoirs"
248,61,Chambre Deluxe,"Chambre de 35 m² entièrement rénovée, décorée par un designer reconnu. Fenêtres panoramiques, lit king-size, walk-in closet et salle de bain dotée d'une douche chromothérapie.",454,2,"Wi-Fi,Climatisation,TV,Minibar,Coffre-fort,Baignoire,Peignoirs,Service en chambre,Nespresso"
249,61,Suite Prestige,"Suite de 90 m² au dernier étage, offrant une vue à 180° sur les monuments et les toits. Salon de réception, salle à manger privée, chambre aux volumes majestueux et salle de bain spa avec jacuzzi.",850,4,"Wi-Fi,Climatisation,TV,Minibar,Coffre-fort,Baignoire,Peignoirs,Service en chambre,Nespresso,Terrasse,Salon privé,Jacuzzi,Conciergerie dédiée"
250,61,Suite Royale,"Suite signature de l'établissement, 120 m² habillés de matériaux nobles — marbre de Carrare, soieries et bois précieux. Service de majordome 24h/24, transfert en limousine et accès au spa privatif.",1818,4,"Wi-Fi,Climatisation,TV,Minibar,Coffre-fort,Baignoire,Peignoirs,Service en chambre,Nespresso,Terrasse,Salon privé,Jacuzzi,Conciergerie dédiée,Majordome,Spa privatif,Transfert limousine"
251,62,Chambre Classique,"Chambre intime de 20 m² aux tons neutres et apaisants, équipée d'un bureau de travail, d'une télévision écran plat et d'un minibar. Idéale pour un séjour d'affaires ou de loisirs.",127,2,"Wi-Fi,Climatisation,TV,Minibar,Coffre-fort"
252,62,Junior Suite,"Suite de 55 m² composée d'un salon lumineux et d'une chambre séparée. Terrasse privative avec mobilier de jardin, salle de bain en marbre, hammam et produits de soin exclusifs.",594,3,"Wi-Fi,Climatisation,TV,Minibar,Coffre-fort,Baignoire,Peignoirs,Service en chambre,Nespresso,Terrasse,Salon privé"
253,62,Suite Prestige,"Suite de 90 m² au dernier étage, offrant une vue à 180° sur les monuments et les toits. Salon de réception, salle à manger privée, chambre aux volumes majestueux et salle de bain spa avec jacuzzi.",1294,4,"Wi-Fi,Climatisation,TV,Minibar,Coffre-fort,Baignoire,Peignoirs,Service en chambre,Nespresso,Terrasse,Salon privé,Jacuzzi,Conciergerie dédiée"
254,62,Suite Royale,"Suite signature de l'établissement, 120 m² habillés de matériaux nobles — marbre de Carrare, soieries et bois précieux. Service de majordome 24h/24, transfert en limousine et accès au spa privatif.",3904,4,"Wi-Fi,Climatisation,TV,Minibar,Coffre-fort,Baignoire,Peignoirs,Service en chambre,Nespresso,Terrasse,Salon privé,Jacuzzi,Conciergerie dédiée,Majordome,Spa privatif,Transfert limousine"
255,63,Chambre Classique,"Chambre confortable de 22 m², décorée avec soin, dotée d'un lit double ou twin, d'une salle de bain privative avec douche, de la climatisation et d'une connexion Wi-Fi haut débit.",198,2,"Wi-Fi,Climatisation,TV,Minibar,Coffre-fort"
256,63,Chambre Supérieure,"Chambre spacieuse de 30 m² avec vue sur la cour intérieure ou les toits de la ville. Literie premium, salle de bain avec baignoire et douche séparées, peignoirs et produits de toilette de luxe.",281,2,"Wi-Fi,Climatisation,TV,Minibar,Coffre-fort,Baignoire,Peignoirs"
257,63,Chambre Deluxe,"Chambre de 35 m² entièrement rénovée, décorée par un designer reconnu. Fenêtres panoramiques, lit king-size, walk-in closet et salle de bain dotée d'une douche chromothérapie.",460,2,"Wi-Fi,Climatisation,TV,Minibar,Coffre-fort,Baignoire,Peignoirs,Service en chambre,Nespresso"
258,63,Junior Suite,"Suite de 55 m² composée d'un salon lumineux et d'une chambre séparée. Terrasse privative avec mobilier de jardin, salle de bain en marbre, hammam et produits de soin exclusifs.",625,3,"Wi-Fi,Climatisation,TV,Minibar,Coffre-fort,Baignoire,Peignoirs,Service en chambre,Nespresso,Terrasse,Salon privé"
259,63,Suite Royale,"Suite signature de l'établissement, 120 m² habillés de matériaux nobles — marbre de Carrare, soieries et bois précieux. Service de majordome 24h/24, transfert en limousine et accès au spa privatif.",3037,4,"Wi-Fi,Climatisation,TV,Minibar,Coffre-fort,Baignoire,Peignoirs,Service en chambre,Nespresso,Terrasse,Salon privé,Jacuzzi,Conciergerie dédiée,Majordome,Spa privatif,Transfert limousine"
260,64,Chambre Classique,"Chambre intime de 20 m² aux tons neutres et apaisants, équipée d'un bureau de travail, d'une télévision écran plat et d'un minibar. Idéale pour un séjour d'affaires ou de loisirs.",188,2,"Wi-Fi,Climatisation,TV,Minibar,Coffre-fort"
261,64,Chambre Supérieure,"Chambre spacieuse de 30 m² avec vue sur la cour intérieure ou les toits de la ville. Literie premium, salle de bain avec baignoire et douche séparées, peignoirs et produits de toilette de luxe.",301,2,"Wi-Fi,Climatisation,TV,Minibar,Coffre-fort,Baignoire,Peignoirs"
262,64,Suite Prestige,"Une suite de 85 m² pensée comme un appartement de luxe : deux salles de bain, une cuisine équipée, un salon avec système home cinéma et une terrasse aménagée avec bain à remous.",1110,4,"Wi-Fi,Climatisation,TV,Minibar,Coffre-fort,Baignoire,Peignoirs,Service en chambre,Nespresso,Terrasse,Salon privé,Jacuzzi,Conciergerie dédiée"
263,65,Chambre Classique,"Chambre intime de 20 m² aux tons neutres et apaisants, équipée d'un bureau de travail, d'une télévision écran plat et d'un minibar. Idéale pour un séjour d'affaires ou de loisirs.",122,2,"Wi-Fi,Climatisation,TV,Minibar,Coffre-fort"
264,65,Chambre Supérieure,"Espace de 28 m² rehaussé de touches décoratives élégantes : parquet, moulures, mobilier chiné. Coin salon séparé, nespresso, et accès au club lounge de l'hôtel inclus.",288,2,"Wi-Fi,Climatisation,TV,Minibar,Coffre-fort,Baignoire,Peignoirs"
265,65,Junior Suite,"Suite de 55 m² composée d'un salon lumineux et d'une chambre séparée. Terrasse privative avec mobilier de jardin, salle de bain en marbre, hammam et produits de soin exclusifs.",647,3,"Wi-Fi,Climatisation,TV,Minibar,Coffre-fort,Baignoire,Peignoirs,Service en chambre,Nespresso,Terrasse,Salon privé"
266,66,Chambre Classique,"Chambre confortable de 22 m², décorée avec soin, dotée d'un lit double ou twin, d'une salle de bain privative avec douche, de la climatisation et d'une connexion Wi-Fi haut débit.",135,2,"Wi-Fi,Climatisation,TV,Minibar,Coffre-fort"
267,66,Chambre Supérieure,"Chambre spacieuse de 30 m² avec vue sur la cour intérieure ou les toits de la ville. Literie premium, salle de bain avec baignoire et douche séparées, peignoirs et produits de toilette de luxe.",239,2,"Wi-Fi,Climatisation,TV,Minibar,Coffre-fort,Baignoire,Peignoirs"
268,66,Chambre Deluxe,"Chambre de 35 m² entièrement rénovée, décorée par un designer reconnu. Fenêtres panoramiques, lit king-size, walk-in closet et salle de bain dotée d'une douche chromothérapie.",428,2,"Wi-Fi,Climatisation,TV,Minibar,Coffre-fort,Baignoire,Peignoirs,Service en chambre,Nespresso"
269,66,Junior Suite,"Suite de 55 m² composée d'un salon lumineux et d'une chambre séparée. Terrasse privative avec mobilier de jardin, salle de bain en marbre, hammam et produits de soin exclusifs.",634,3,"Wi-Fi,Climatisation,TV,Minibar,Coffre-fort,Baignoire,Peignoirs,Service en chambre,Nespresso,Terrasse,Salon privé"
270,66,Suite Prestige,"Suite de 90 m² au dernier étage, offrant une vue à 180° sur les monuments et les toits. Salon de réception, salle à manger privée, chambre aux volumes majestueux et salle de bain spa avec jacuzzi.",830,4,"Wi-Fi,Climatisation,TV,Minibar,Coffre-fort,Baignoire,Peignoirs,Service en chambre,Nespresso,Terrasse,Salon privé,Jacuzzi,Conciergerie dédiée"
271,67,Chambre Classique,"Chambre intime de 20 m² aux tons neutres et apaisants, équipée d'un bureau de travail, d'une télévision écran plat et d'un minibar. Idéale pour un séjour d'affaires ou de loisirs.",158,2,"Wi-Fi,Climatisation,TV,Minibar,Coffre-fort"
272,67,Chambre Deluxe,"Chambre premium de 38 m² bénéficiant d'une vue dégagée. Literie cinq étoiles, salle de bain en marbre avec douche à l'italienne et baignoire îlot, plateau de courtoisie garni.",496,2,"Wi-Fi,Climatisation,TV,Minibar,Coffre-fort,Baignoire,Peignoirs,Service en chambre,Nespresso"
273,67,Junior Suite,"Suite de 55 m² composée d'un salon lumineux et d'une chambre séparée. Terrasse privative avec mobilier de jardin, salle de bain en marbre, hammam et produits de soin exclusifs.",702,3,"Wi-Fi,Climatisation,TV,Minibar,Coffre-fort,Baignoire,Peignoirs,Service en chambre,Nespresso,Terrasse,Salon privé"
274,67,Suite Prestige,"Suite de 90 m² au dernier étage, offrant une vue à 180° sur les monuments et les toits. Salon de réception, salle à manger privée, chambre aux volumes majestueux et salle de bain spa avec jacuzzi.",1492,4,"Wi-Fi,Climatisation,TV,Minibar,Coffre-fort,Baignoire,Peignoirs,Service en chambre,Nespresso,Terrasse,Salon privé,Jacuzzi,Conciergerie dédiée"
275,68,Chambre Classique,"Chambre confortable de 22 m², décorée avec soin, dotée d'un lit double ou twin, d'une salle de bain privative avec douche, de la climatisation et d'une connexion Wi-Fi haut débit.",123,2,"Wi-Fi,Climatisation,TV,Minibar,Coffre-fort"
276,68,Chambre Supérieure,"Chambre spacieuse de 30 m² avec vue sur la cour intérieure ou les toits de la ville. Literie premium, salle de bain avec baignoire et douche séparées, peignoirs et produits de toilette de luxe.",205,2,"Wi-Fi,Climatisation,TV,Minibar,Coffre-fort,Baignoire,Peignoirs"
277,68,Chambre Deluxe,"Chambre premium de 38 m² bénéficiant d'une vue dégagée. Literie cinq étoiles, salle de bain en marbre avec douche à l'italienne et baignoire îlot, plateau de courtoisie garni.",432,2,"Wi-Fi,Climatisation,TV,Minibar,Coffre-fort,Baignoire,Peignoirs,Service en chambre,Nespresso"
278,69,Chambre Classique,"Chambre confortable de 22 m², décorée avec soin, dotée d'un lit double ou twin, d'une salle de bain privative avec douche, de la climatisation et d'une connexion Wi-Fi haut débit.",142,2,"Wi-Fi,Climatisation,TV,Minibar,Coffre-fort"
279,69,Junior Suite,"Suite de 55 m² composée d'un salon lumineux et d'une chambre séparée. Terrasse privative avec mobilier de jardin, salle de bain en marbre, hammam et produits de soin exclusifs.",620,3,"Wi-Fi,Climatisation,TV,Minibar,Coffre-fort,Baignoire,Peignoirs,Service en chambre,Nespresso,Terrasse,Salon privé"
280,69,Suite Royale,"Suite signature de l'établissement, 120 m² habillés de matériaux nobles — marbre de Carrare, soieries et bois précieux. Service de majordome 24h/24, transfert en limousine et accès au spa privatif.",2150,4,"Wi-Fi,Climatisation,TV,Minibar,Coffre-fort,Baignoire,Peignoirs,Service en chambre,Nespresso,Terrasse,Salon privé,Jacuzzi,Conciergerie dédiée,Majordome,Spa privatif,Transfert limousine"
281,70,Chambre Classique,"Chambre confortable de 22 m², décorée avec soin, dotée d'un lit double ou twin, d'une salle de bain privative avec douche, de la climatisation et d'une connexion Wi-Fi haut débit.",188,2,"Wi-Fi,Climatisation,TV,Minibar,Coffre-fort"
282,70,Chambre Supérieure,"Espace de 28 m² rehaussé de touches décoratives élégantes : parquet, moulures, mobilier chiné. Coin salon séparé, nespresso, et accès au club lounge de l'hôtel inclus.",247,2,"Wi-Fi,Climatisation,TV,Minibar,Coffre-fort,Baignoire,Peignoirs"
283,70,Junior Suite,"50 m² de raffinement absolu : dressing privatif, salon avec canapé convertible, salle à manger compacte et salle de bain double vasque avec vue plongeante sur la ville.",501,3,"Wi-Fi,Climatisation,TV,Minibar,Coffre-fort,Baignoire,Peignoirs,Service en chambre,Nespresso,Terrasse,Salon privé"
284,70,Suite Royale,"L'apogée du luxe : 140 m² déployés sur un étage, avec grand salon de réception, bureau directorial, chambre principale et seconde chambre d'appoint, deux salles de bain en onyx et terrasse panoramique.",1681,4,"Wi-Fi,Climatisation,TV,Minibar,Coffre-fort,Baignoire,Peignoirs,Service en chambre,Nespresso,Terrasse,Salon privé,Jacuzzi,Conciergerie dédiée,Majordome,Spa privatif,Transfert limousine"
285,71,Chambre Classique,"Chambre confortable de 22 m², décorée avec soin, dotée d'un lit double ou twin, d'une salle de bain privative avec douche, de la climatisation et d'une connexion Wi-Fi haut débit.",152,2,"Wi-Fi,Climatisation,TV,Minibar,Coffre-fort"
286,71,Chambre Supérieure,"Chambre spacieuse de 30 m² avec vue sur la cour intérieure ou les toits de la ville. Literie premium, salle de bain avec baignoire et douche séparées, peignoirs et produits de toilette de luxe.",279,2,"Wi-Fi,Climatisation,TV,Minibar,Coffre-fort,Baignoire,Peignoirs"
287,71,Chambre Deluxe,"Chambre de 35 m² entièrement rénovée, décorée par un designer reconnu. Fenêtres panoramiques, lit king-size, walk-in closet et salle de bain dotée d'une douche chromothérapie.",342,2,"Wi-Fi,Climatisation,TV,Minibar,Coffre-fort,Baignoire,Peignoirs,Service en chambre,Nespresso"
288,71,Junior Suite,"Suite de 55 m² composée d'un salon lumineux et d'une chambre séparée. Terrasse privative avec mobilier de jardin, salle de bain en marbre, hammam et produits de soin exclusifs.",769,3,"Wi-Fi,Climatisation,TV,Minibar,Coffre-fort,Baignoire,Peignoirs,Service en chambre,Nespresso,Terrasse,Salon privé"
289,71,Suite Prestige,"Suite de 90 m² au dernier étage, offrant une vue à 180° sur les monuments et les toits. Salon de réception, salle à manger privée, chambre aux volumes majestueux et salle de bain spa avec jacuzzi.",1349,4,"Wi-Fi,Climatisation,TV,Minibar,Coffre-fort,Baignoire,Peignoirs,Service en chambre,Nespresso,Terrasse,Salon privé,Jacuzzi,Conciergerie dédiée"
290,72,Chambre Classique,"Chambre confortable de 22 m², décorée avec soin, dotée d'un lit double ou twin, d'une salle de bain privative avec douche, de la climatisation et d'une connexion Wi-Fi haut débit.",174,2,"Wi-Fi,Climatisation,TV,Minibar,Coffre-fort"
291,72,Chambre Deluxe,"Chambre premium de 38 m² bénéficiant d'une vue dégagée. Literie cinq étoiles, salle de bain en marbre avec douche à l'italienne et baignoire îlot, plateau de courtoisie garni.",376,2,"Wi-Fi,Climatisation,TV,Minibar,Coffre-fort,Baignoire,Peignoirs,Service en chambre,Nespresso"
292,72,Suite Prestige,"Une suite de 85 m² pensée comme un appartement de luxe : deux salles de bain, une cuisine équipée, un salon avec système home cinéma et une terrasse aménagée avec bain à remous.",925,4,"Wi-Fi,Climatisation,TV,Minibar,Coffre-fort,Baignoire,Peignoirs,Service en chambre,Nespresso,Terrasse,Salon privé,Jacuzzi,Conciergerie dédiée"
293,72,Suite Royale,"L'apogée du luxe : 140 m² déployés sur un étage, avec grand salon de réception, bureau directorial, chambre principale et seconde chambre d'appoint, deux salles de bain en onyx et terrasse panoramique.",3967,4,"Wi-Fi,Climatisation,TV,Minibar,Coffre-fort,Baignoire,Peignoirs,Service en chambre,Nespresso,Terrasse,Salon privé,Jacuzzi,Conciergerie dédiée,Majordome,Spa privatif,Transfert limousine"
294,73,Chambre Classique,"Chambre confortable de 22 m², décorée avec soin, dotée d'un lit double ou twin, d'une salle de bain privative avec douche, de la climatisation et d'une connexion Wi-Fi haut débit.",152,2,"Wi-Fi,Climatisation,TV,Minibar,Coffre-fort"
295,73,Junior Suite,"50 m² de raffinement absolu : dressing privatif, salon avec canapé convertible, salle à manger compacte et salle de bain double vasque avec vue plongeante sur la ville.",621,3,"Wi-Fi,Climatisation,TV,Minibar,Coffre-fort,Baignoire,Peignoirs,Service en chambre,Nespresso,Terrasse,Salon privé"
296,73,Suite Prestige,"Une suite de 85 m² pensée comme un appartement de luxe : deux salles de bain, une cuisine équipée, un salon avec système home cinéma et une terrasse aménagée avec bain à remous.",1375,4,"Wi-Fi,Climatisation,TV,Minibar,Coffre-fort,Baignoire,Peignoirs,Service en chambre,Nespresso,Terrasse,Salon privé,Jacuzzi,Conciergerie dédiée"
297,73,Suite Royale,"Suite signature de l'établissement, 120 m² habillés de matériaux nobles — marbre de Carrare, soieries et bois précieux. Service de majordome 24h/24, transfert en limousine et accès au spa privatif.",3922,4,"Wi-Fi,Climatisation,TV,Minibar,Coffre-fort,Baignoire,Peignoirs,Service en chambre,Nespresso,Terrasse,Salon privé,Jacuzzi,Conciergerie dédiée,Majordome,Spa privatif,Transfert limousine"
298,74,Chambre Classique,"Chambre intime de 20 m² aux tons neutres et apaisants, équipée d'un bureau de travail, d'une télévision écran plat et d'un minibar. Idéale pour un séjour d'affaires ou de loisirs.",125,2,"Wi-Fi,Climatisation,TV,Minibar,Coffre-fort"
299,74,Chambre Supérieure,"Espace de 28 m² rehaussé de touches décoratives élégantes : parquet, moulures, mobilier chiné. Coin salon séparé, nespresso, et accès au club lounge de l'hôtel inclus.",270,2,"Wi-Fi,Climatisation,TV,Minibar,Coffre-fort,Baignoire,Peignoirs"
300,74,Junior Suite,"50 m² de raffinement absolu : dressing privatif, salon avec canapé convertible, salle à manger compacte et salle de bain double vasque avec vue plongeante sur la ville.",501,3,"Wi-Fi,Climatisation,TV,Minibar,Coffre-fort,Baignoire,Peignoirs,Service en chambre,Nespresso,Terrasse,Salon privé"
301,74,Suite Prestige,"Suite de 90 m² au dernier étage, offrant une vue à 180° sur les monuments et les toits. Salon de réception, salle à manger privée, chambre aux volumes majestueux et salle de bain spa avec jacuzzi.",1448,4,"Wi-Fi,Climatisation,TV,Minibar,Coffre-fort,Baignoire,Peignoirs,Service en chambre,Nespresso,Terrasse,Salon privé,Jacuzzi,Conciergerie dédiée"
302,74,Suite Royale,"Suite signature de l'établissement, 120 m² habillés de matériaux nobles — marbre de Carrare, soieries et bois précieux. Service de majordome 24h/24, transfert en limousine et accès au spa privatif.",2047,4,"Wi-Fi,Climatisation,TV,Minibar,Coffre-fort,Baignoire,Peignoirs,Service en chambre,Nespresso,Terrasse,Salon privé,Jacuzzi,Conciergerie dédiée,Majordome,Spa privatif,Transfert limousine"
303,75,Chambre Classique,"Chambre intime de 20 m² aux tons neutres et apaisants, équipée d'un bureau de travail, d'une télévision écran plat et d'un minibar. Idéale pour un séjour d'affaires ou de loisirs.",168,2,"Wi-Fi,Climatisation,TV,Minibar,Coffre-fort"
304,75,Chambre Supérieure,"Espace de 28 m² rehaussé de touches décoratives élégantes : parquet, moulures, mobilier chiné. Coin salon séparé, nespresso, et accès au club lounge de l'hôtel inclus.",239,2,"Wi-Fi,Climatisation,TV,Minibar,Coffre-fort,Baignoire,Peignoirs"
305,75,Chambre Deluxe,"Chambre de 35 m² entièrement rénovée, décorée par un designer reconnu. Fenêtres panoramiques, lit king-size, walk-in closet et salle de bain dotée d'une douche chromothérapie.",392,2,"Wi-Fi,Climatisation,TV,Minibar,Coffre-fort,Baignoire,Peignoirs,Service en chambre,Nespresso"
306,75,Junior Suite,"Suite de 55 m² composée d'un salon lumineux et d'une chambre séparée. Terrasse privative avec mobilier de jardin, salle de bain en marbre, hammam et produits de soin exclusifs.",647,3,"Wi-Fi,Climatisation,TV,Minibar,Coffre-fort,Baignoire,Peignoirs,Service en chambre,Nespresso,Terrasse,Salon privé"
307,75,Suite Prestige,"Une suite de 85 m² pensée comme un appartement de luxe : deux salles de bain, une cuisine équipée, un salon avec système home cinéma et une terrasse aménagée avec bain à remous.",1028,4,"Wi-Fi,Climatisation,TV,Minibar,Coffre-fort,Baignoire,Peignoirs,Service en chambre,Nespresso,Terrasse,Salon privé,Jacuzzi,Conciergerie dédiée"
308,76,Chambre Classique,"Chambre confortable de 22 m², décorée avec soin, dotée d'un lit double ou twin, d'une salle de bain privative avec douche, de la climatisation et d'une connexion Wi-Fi haut débit.",154,2,"Wi-Fi,Climatisation,TV,Minibar,Coffre-fort"
309,76,Chambre Deluxe,"Chambre premium de 38 m² bénéficiant d'une vue dégagée. Literie cinq étoiles, salle de bain en marbre avec douche à l'italienne et baignoire îlot, plateau de courtoisie garni.",409,2,"Wi-Fi,Climatisation,TV,Minibar,Coffre-fort,Baignoire,Peignoirs,Service en chambre,Nespresso"
310,76,Junior Suite,"50 m² de raffinement absolu : dressing privatif, salon avec canapé convertible, salle à manger compacte et salle de bain double vasque avec vue plongeante sur la ville.",609,3,"Wi-Fi,Climatisation,TV,Minibar,Coffre-fort,Baignoire,Peignoirs,Service en chambre,Nespresso,Terrasse,Salon privé"
311,76,Suite Prestige,"Une suite de 85 m² pensée comme un appartement de luxe : deux salles de bain, une cuisine équipée, un salon avec système home cinéma et une terrasse aménagée avec bain à remous.",1190,4,"Wi-Fi,Climatisation,TV,Minibar,Coffre-fort,Baignoire,Peignoirs,Service en chambre,Nespresso,Terrasse,Salon privé,Jacuzzi,Conciergerie dédiée"
312,77,Chambre Classique,"Chambre confortable de 22 m², décorée avec soin, dotée d'un lit double ou twin, d'une salle de bain privative avec douche, de la climatisation et d'une connexion Wi-Fi haut débit.",122,2,"Wi-Fi,Climatisation,TV,Minibar,Coffre-fort"
313,77,Chambre Supérieure,"Espace de 28 m² rehaussé de touches décoratives élégantes : parquet, moulures, mobilier chiné. Coin salon séparé, nespresso, et accès au club lounge de l'hôtel inclus.",219,2,"Wi-Fi,Climatisation,TV,Minibar,Coffre-fort,Baignoire,Peignoirs"
314,77,Chambre Deluxe,"Chambre de 35 m² entièrement rénovée, décorée par un designer reconnu. Fenêtres panoramiques, lit king-size, walk-in closet et salle de bain dotée d'une douche chromothérapie.",401,2,"Wi-Fi,Climatisation,TV,Minibar,Coffre-fort,Baignoire,Peignoirs,Service en chambre,Nespresso"
315,77,Suite Royale,"L'apogée du luxe : 140 m² déployés sur un étage, avec grand salon de réception, bureau directorial, chambre principale et seconde chambre d'appoint, deux salles de bain en onyx et terrasse panoramique.",2505,4,"Wi-Fi,Climatisation,TV,Minibar,Coffre-fort,Baignoire,Peignoirs,Service en chambre,Nespresso,Terrasse,Salon privé,Jacuzzi,Conciergerie dédiée,Majordome,Spa privatif,Transfert limousine"
316,78,Chambre Classique,"Chambre confortable de 22 m², décorée avec soin, dotée d'un lit double ou twin, d'une salle de bain privative avec douche, de la climatisation et d'une connexion Wi-Fi haut débit.",147,2,"Wi-Fi,Climatisation,TV,Minibar,Coffre-fort"
317,78,Chambre Deluxe,"Chambre de 35 m² entièrement rénovée, décorée par un designer reconnu. Fenêtres panoramiques, lit king-size, walk-in closet et salle de bain dotée d'une douche chromothérapie.",371,2,"Wi-Fi,Climatisation,TV,Minibar,Coffre-fort,Baignoire,Peignoirs,Service en chambre,Nespresso"
318,78,Junior Suite,"50 m² de raffinement absolu : dressing privatif, salon avec canapé convertible, salle à manger compacte et salle de bain double vasque avec vue plongeante sur la ville.",644,3,"Wi-Fi,Climatisation,TV,Minibar,Coffre-fort,Baignoire,Peignoirs,Service en chambre,Nespresso,Terrasse,Salon privé"
319,79,Chambre Classique,"Chambre confortable de 22 m², décorée avec soin, dotée d'un lit double ou twin, d'une salle de bain privative avec douche, de la climatisation et d'une connexion Wi-Fi haut débit.",190,2,"Wi-Fi,Climatisation,TV,Minibar,Coffre-fort"
320,79,Chambre Supérieure,"Espace de 28 m² rehaussé de touches décoratives élégantes : parquet, moulures, mobilier chiné. Coin salon séparé, nespresso, et accès au club lounge de l'hôtel inclus.",219,2,"Wi-Fi,Climatisation,TV,Minibar,Coffre-fort,Baignoire,Peignoirs"
321,79,Suite Prestige,"Suite de 90 m² au dernier étage, offrant une vue à 180° sur les monuments et les toits. Salon de réception, salle à manger privée, chambre aux volumes majestueux et salle de bain spa avec jacuzzi.",1403,4,"Wi-Fi,Climatisation,TV,Minibar,Coffre-fort,Baignoire,Peignoirs,Service en chambre,Nespresso,Terrasse,Salon privé,Jacuzzi,Conciergerie dédiée"
322,79,Suite Royale,"L'apogée du luxe : 140 m² déployés sur un étage, avec grand salon de réception, bureau directorial, chambre principale et seconde chambre d'appoint, deux salles de bain en onyx et terrasse panoramique.",3600,4,"Wi-Fi,Climatisation,TV,Minibar,Coffre-fort,Baignoire,Peignoirs,Service en chambre,Nespresso,Terrasse,Salon privé,Jacuzzi,Conciergerie dédiée,Majordome,Spa privatif,Transfert limousine"
323,80,Chambre Classique,"Chambre intime de 20 m² aux tons neutres et apaisants, équipée d'un bureau de travail, d'une télévision écran plat et d'un minibar. Idéale pour un séjour d'affaires ou de loisirs.",125,2,"Wi-Fi,Climatisation,TV,Minibar,Coffre-fort"
324,80,Junior Suite,"Suite de 55 m² composée d'un salon lumineux et d'une chambre séparée. Terrasse privative avec mobilier de jardin, salle de bain en marbre, hammam et produits de soin exclusifs.",563,3,"Wi-Fi,Climatisation,TV,Minibar,Coffre-fort,Baignoire,Peignoirs,Service en chambre,Nespresso,Terrasse,Salon privé"
325,80,Suite Prestige,"Suite de 90 m² au dernier étage, offrant une vue à 180° sur les monuments et les toits. Salon de réception, salle à manger privée, chambre aux volumes majestueux et salle de bain spa avec jacuzzi.",1398,4,"Wi-Fi,Climatisation,TV,Minibar,Coffre-fort,Baignoire,Peignoirs,Service en chambre,Nespresso,Terrasse,Salon privé,Jacuzzi,Conciergerie dédiée"
326,80,Suite Royale,"Suite signature de l'établissement, 120 m² habillés de matériaux nobles — marbre de Carrare, soieries et bois précieux. Service de majordome 24h/24, transfert en limousine et accès au spa privatif.",1555,4,"Wi-Fi,Climatisation,TV,Minibar,Coffre-fort,Baignoire,Peignoirs,Service en chambre,Nespresso,Terrasse,Salon privé,Jacuzzi,Conciergerie dédiée,Majordome,Spa privatif,Transfert limousine"
327,81,Chambre Classique,"Chambre confortable de 22 m², décorée avec soin, dotée d'un lit double ou twin, d'une salle de bain privative avec douche, de la climatisation et d'une connexion Wi-Fi haut débit.",199,2,"Wi-Fi,Climatisation,TV,Minibar,Coffre-fort"
328,81,Chambre Supérieure,"Chambre spacieuse de 30 m² avec vue sur la cour intérieure ou les toits de la ville. Literie premium, salle de bain avec baignoire et douche séparées, peignoirs et produits de toilette de luxe.",259,2,"Wi-Fi,Climatisation,TV,Minibar,Coffre-fort,Baignoire,Peignoirs"
329,81,Chambre Deluxe,"Chambre premium de 38 m² bénéficiant d'une vue dégagée. Literie cinq étoiles, salle de bain en marbre avec douche à l'italienne et baignoire îlot, plateau de courtoisie garni.",339,2,"Wi-Fi,Climatisation,TV,Minibar,Coffre-fort,Baignoire,Peignoirs,Service en chambre,Nespresso"
330,81,Junior Suite,"50 m² de raffinement absolu : dressing privatif, salon avec canapé convertible, salle à manger compacte et salle de bain double vasque avec vue plongeante sur la ville.",708,3,"Wi-Fi,Climatisation,TV,Minibar,Coffre-fort,Baignoire,Peignoirs,Service en chambre,Nespresso,Terrasse,Salon privé"
331,81,Suite Prestige,"Suite de 90 m² au dernier étage, offrant une vue à 180° sur les monuments et les toits. Salon de réception, salle à manger privée, chambre aux volumes majestueux et salle de bain spa avec jacuzzi.",1266,4,"Wi-Fi,Climatisation,TV,Minibar,Coffre-fort,Baignoire,Peignoirs,Service en chambre,Nespresso,Terrasse,Salon privé,Jacuzzi,Conciergerie dédiée"
332,82,Chambre Classique,"Chambre intime de 20 m² aux tons neutres et apaisants, équipée d'un bureau de travail, d'une télévision écran plat et d'un minibar. Idéale pour un séjour d'affaires ou de loisirs.",190,2,"Wi-Fi,Climatisation,TV,Minibar,Coffre-fort"
333,82,Suite Prestige,"Suite de 90 m² au dernier étage, offrant une vue à 180° sur les monuments et les toits. Salon de réception, salle à manger privée, chambre aux volumes majestueux et salle de bain spa avec jacuzzi.",1219,4,"Wi-Fi,Climatisation,TV,Minibar,Coffre-fort,Baignoire,Peignoirs,Service en chambre,Nespresso,Terrasse,Salon privé,Jacuzzi,Conciergerie dédiée"
334,82,Suite Royale,"L'apogée du luxe : 140 m² déployés sur un étage, avec grand salon de réception, bureau directorial, chambre principale et seconde chambre d'appoint, deux salles de bain en onyx et terrasse panoramique.",3839,4,"Wi-Fi,Climatisation,TV,Minibar,Coffre-fort,Baignoire,Peignoirs,Service en chambre,Nespresso,Terrasse,Salon privé,Jacuzzi,Conciergerie dédiée,Majordome,Spa privatif,Transfert limousine"
335,83,Chambre Classique,"Chambre intime de 20 m² aux tons neutres et apaisants, équipée d'un bureau de travail, d'une télévision écran plat et d'un minibar. Idéale pour un séjour d'affaires ou de loisirs.",150,2,"Wi-Fi,Climatisation,TV,Minibar,Coffre-fort"
336,83,Chambre Supérieure,"Espace de 28 m² rehaussé de touches décoratives élégantes : parquet, moulures, mobilier chiné. Coin salon séparé, nespresso, et accès au club lounge de l'hôtel inclus.",209,2,"Wi-Fi,Climatisation,TV,Minibar,Coffre-fort,Baignoire,Peignoirs"
337,83,Suite Prestige,"Une suite de 85 m² pensée comme un appartement de luxe : deux salles de bain, une cuisine équipée, un salon avec système home cinéma et une terrasse aménagée avec bain à remous.",1353,4,"Wi-Fi,Climatisation,TV,Minibar,Coffre-fort,Baignoire,Peignoirs,Service en chambre,Nespresso,Terrasse,Salon privé,Jacuzzi,Conciergerie dédiée"
338,83,Suite Royale,"Suite signature de l'établissement, 120 m² habillés de matériaux nobles — marbre de Carrare, soieries et bois précieux. Service de majordome 24h/24, transfert en limousine et accès au spa privatif.",1910,4,"Wi-Fi,Climatisation,TV,Minibar,Coffre-fort,Baignoire,Peignoirs,Service en chambre,Nespresso,Terrasse,Salon privé,Jacuzzi,Conciergerie dédiée,Majordome,Spa privatif,Transfert limousine"
339,84,Chambre Classique,"Chambre intime de 20 m² aux tons neutres et apaisants, équipée d'un bureau de travail, d'une télévision écran plat et d'un minibar. Idéale pour un séjour d'affaires ou de loisirs.",137,2,"Wi-Fi,Climatisation,TV,Minibar,Coffre-fort"
340,84,Chambre Deluxe,"Chambre de 35 m² entièrement rénovée, décorée par un designer reconnu. Fenêtres panoramiques, lit king-size, walk-in closet et salle de bain dotée d'une douche chromothérapie.",380,2,"Wi-Fi,Climatisation,TV,Minibar,Coffre-fort,Baignoire,Peignoirs,Service en chambre,Nespresso"
341,84,Suite Prestige,"Suite de 90 m² au dernier étage, offrant une vue à 180° sur les monuments et les toits. Salon de réception, salle à manger privée, chambre aux volumes majestueux et salle de bain spa avec jacuzzi.",903,4,"Wi-Fi,Climatisation,TV,Minibar,Coffre-fort,Baignoire,Peignoirs,Service en chambre,Nespresso,Terrasse,Salon privé,Jacuzzi,Conciergerie dédiée"
342,85,Chambre Classique,"Chambre confortable de 22 m², décorée avec soin, dotée d'un lit double ou twin, d'une salle de bain privative avec douche, de la climatisation et d'une connexion Wi-Fi haut débit.",192,2,"Wi-Fi,Climatisation,TV,Minibar,Coffre-fort"
343,85,Chambre Supérieure,"Chambre spacieuse de 30 m² avec vue sur la cour intérieure ou les toits de la ville. Literie premium, salle de bain avec baignoire et douche séparées, peignoirs et produits de toilette de luxe.",219,2,"Wi-Fi,Climatisation,TV,Minibar,Coffre-fort,Baignoire,Peignoirs"
344,85,Chambre Deluxe,"Chambre de 35 m² entièrement rénovée, décorée par un designer reconnu. Fenêtres panoramiques, lit king-size, walk-in closet et salle de bain dotée d'une douche chromothérapie.",431,2,"Wi-Fi,Climatisation,TV,Minibar,Coffre-fort,Baignoire,Peignoirs,Service en chambre,Nespresso"
345,85,Suite Royale,"Suite signature de l'établissement, 120 m² habillés de matériaux nobles — marbre de Carrare, soieries et bois précieux. Service de majordome 24h/24, transfert en limousine et accès au spa privatif.",3941,4,"Wi-Fi,Climatisation,TV,Minibar,Coffre-fort,Baignoire,Peignoirs,Service en chambre,Nespresso,Terrasse,Salon privé,Jacuzzi,Conciergerie dédiée,Majordome,Spa privatif,Transfert limousine"
346,86,Chambre Classique,"Chambre intime de 20 m² aux tons neutres et apaisants, équipée d'un bureau de travail, d'une télévision écran plat et d'un minibar. Idéale pour un séjour d'affaires ou de loisirs.",187,2,"Wi-Fi,Climatisation,TV,Minibar,Coffre-fort"
347,86,Chambre Supérieure,"Espace de 28 m² rehaussé de touches décoratives élégantes : parquet, moulures, mobilier chiné. Coin salon séparé, nespresso, et accès au club lounge de l'hôtel inclus.",290,2,"Wi-Fi,Climatisation,TV,Minibar,Coffre-fort,Baignoire,Peignoirs"
348,86,Chambre Deluxe,"Chambre premium de 38 m² bénéficiant d'une vue dégagée. Literie cinq étoiles, salle de bain en marbre avec douche à l'italienne et baignoire îlot, plateau de courtoisie garni.",423,2,"Wi-Fi,Climatisation,TV,Minibar,Coffre-fort,Baignoire,Peignoirs,Service en chambre,Nespresso"
349,86,Suite Prestige,"Une suite de 85 m² pensée comme un appartement de luxe : deux salles de bain, une cuisine équipée, un salon avec système home cinéma et une terrasse aménagée avec bain à remous.",1056,4,"Wi-Fi,Climatisation,TV,Minibar,Coffre-fort,Baignoire,Peignoirs,Service en chambre,Nespresso,Terrasse,Salon privé,Jacuzzi,Conciergerie dédiée"
350,86,Suite Royale,"L'apogée du luxe : 140 m² déployés sur un étage, avec grand salon de réception, bureau directorial, chambre principale et seconde chambre d'appoint, deux salles de bain en onyx et terrasse panoramique.",3025,4,"Wi-Fi,Climatisation,TV,Minibar,Coffre-fort,Baignoire,Peignoirs,Service en chambre,Nespresso,Terrasse,Salon privé,Jacuzzi,Conciergerie dédiée,Majordome,Spa privatif,Transfert limousine"
351,87,Chambre Classique,"Chambre intime de 20 m² aux tons neutres et apaisants, équipée d'un bureau de travail, d'une télévision écran plat et d'un minibar. Idéale pour un séjour d'affaires ou de loisirs.",181,2,"Wi-Fi,Climatisation,TV,Minibar,Coffre-fort"
352,87,Chambre Supérieure,"Espace de 28 m² rehaussé de touches décoratives élégantes : parquet, moulures, mobilier chiné. Coin salon séparé, nespresso, et accès au club lounge de l'hôtel inclus.",303,2,"Wi-Fi,Climatisation,TV,Minibar,Coffre-fort,Baignoire,Peignoirs"
353,87,Chambre Deluxe,"Chambre de 35 m² entièrement rénovée, décorée par un designer reconnu. Fenêtres panoramiques, lit king-size, walk-in closet et salle de bain dotée d'une douche chromothérapie.",468,2,"Wi-Fi,Climatisation,TV,Minibar,Coffre-fort,Baignoire,Peignoirs,Service en chambre,Nespresso"
354,87,Suite Royale,"L'apogée du luxe : 140 m² déployés sur un étage, avec grand salon de réception, bureau directorial, chambre principale et seconde chambre d'appoint, deux salles de bain en onyx et terrasse panoramique.",3297,4,"Wi-Fi,Climatisation,TV,Minibar,Coffre-fort,Baignoire,Peignoirs,Service en chambre,Nespresso,Terrasse,Salon privé,Jacuzzi,Conciergerie dédiée,Majordome,Spa privatif,Transfert limousine"
355,88,Chambre Classique,"Chambre confortable de 22 m², décorée avec soin, dotée d'un lit double ou twin, d'une salle de bain privative avec douche, de la climatisation et d'une connexion Wi-Fi haut débit.",166,2,"Wi-Fi,Climatisation,TV,Minibar,Coffre-fort"
356,88,Chambre Deluxe,"Chambre premium de 38 m² bénéficiant d'une vue dégagée. Literie cinq étoiles, salle de bain en marbre avec douche à l'italienne et baignoire îlot, plateau de courtoisie garni.",341,2,"Wi-Fi,Climatisation,TV,Minibar,Coffre-fort,Baignoire,Peignoirs,Service en chambre,Nespresso"
357,88,Suite Prestige,"Une suite de 85 m² pensée comme un appartement de luxe : deux salles de bain, une cuisine équipée, un salon avec système home cinéma et une terrasse aménagée avec bain à remous.",1293,4,"Wi-Fi,Climatisation,TV,Minibar,Coffre-fort,Baignoire,Peignoirs,Service en chambre,Nespresso,Terrasse,Salon privé,Jacuzzi,Conciergerie dédiée"
358,89,Chambre Classique,"Chambre confortable de 22 m², décorée avec soin, dotée d'un lit double ou twin, d'une salle de bain privative avec douche, de la climatisation et d'une connexion Wi-Fi haut débit.",143,2,"Wi-Fi,Climatisation,TV,Minibar,Coffre-fort"
359,89,Chambre Supérieure,"Chambre spacieuse de 30 m² avec vue sur la cour intérieure ou les toits de la ville. Literie premium, salle de bain avec baignoire et douche séparées, peignoirs et produits de toilette de luxe.",298,2,"Wi-Fi,Climatisation,TV,Minibar,Coffre-fort,Baignoire,Peignoirs"
360,89,Junior Suite,"50 m² de raffinement absolu : dressing privatif, salon avec canapé convertible, salle à manger compacte et salle de bain double vasque avec vue plongeante sur la ville.",523,3,"Wi-Fi,Climatisation,TV,Minibar,Coffre-fort,Baignoire,Peignoirs,Service en chambre,Nespresso,Terrasse,Salon privé"
361,89,Suite Prestige,"Une suite de 85 m² pensée comme un appartement de luxe : deux salles de bain, une cuisine équipée, un salon avec système home cinéma et une terrasse aménagée avec bain à remous.",1378,4,"Wi-Fi,Climatisation,TV,Minibar,Coffre-fort,Baignoire,Peignoirs,Service en chambre,Nespresso,Terrasse,Salon privé,Jacuzzi,Conciergerie dédiée"
362,90,Chambre Classique,"Chambre confortable de 22 m², décorée avec soin, dotée d'un lit double ou twin, d'une salle de bain privative avec douche, de la climatisation et d'une connexion Wi-Fi haut débit.",184,2,"Wi-Fi,Climatisation,TV,Minibar,Coffre-fort"
363,90,Chambre Supérieure,"Chambre spacieuse de 30 m² avec vue sur la cour intérieure ou les toits de la ville. Literie premium, salle de bain avec baignoire et douche séparées, peignoirs et produits de toilette de luxe.",314,2,"Wi-Fi,Climatisation,TV,Minibar,Coffre-fort,Baignoire,Peignoirs"
364,90,Chambre Deluxe,"Chambre de 35 m² entièrement rénovée, décorée par un designer reconnu. Fenêtres panoramiques, lit king-size, walk-in closet et salle de bain dotée d'une douche chromothérapie.",382,2,"Wi-Fi,Climatisation,TV,Minibar,Coffre-fort,Baignoire,Peignoirs,Service en chambre,Nespresso"
365,90,Junior Suite,"50 m² de raffinement absolu : dressing privatif, salon avec canapé convertible, salle à manger compacte et salle de bain double vasque avec vue plongeante sur la ville.",728,3,"Wi-Fi,Climatisation,TV,Minibar,Coffre-fort,Baignoire,Peignoirs,Service en chambre,Nespresso,Terrasse,Salon privé"
366,90,Suite Prestige,"Suite de 90 m² au dernier étage, offrant une vue à 180° sur les monuments et les toits. Salon de réception, salle à manger privée, chambre aux volumes majestueux et salle de bain spa avec jacuzzi.",856,4,"Wi-Fi,Climatisation,TV,Minibar,Coffre-fort,Baignoire,Peignoirs,Service en chambre,Nespresso,Terrasse,Salon privé,Jacuzzi,Conciergerie dédiée"
367,91,Chambre Classique,"Chambre confortable de 22 m², décorée avec soin, dotée d'un lit double ou twin, d'une salle de bain privative avec douche, de la climatisation et d'une connexion Wi-Fi haut débit.",131,2,"Wi-Fi,Climatisation,TV,Minibar,Coffre-fort"
368,91,Chambre Deluxe,"Chambre premium de 38 m² bénéficiant d'une vue dégagée. Literie cinq étoiles, salle de bain en marbre avec douche à l'italienne et baignoire îlot, plateau de courtoisie garni.",479,2,"Wi-Fi,Climatisation,TV,Minibar,Coffre-fort,Baignoire,Peignoirs,Service en chambre,Nespresso"
369,91,Junior Suite,"50 m² de raffinement absolu : dressing privatif, salon avec canapé convertible, salle à manger compacte et salle de bain double vasque avec vue plongeante sur la ville.",616,3,"Wi-Fi,Climatisation,TV,Minibar,Coffre-fort,Baignoire,Peignoirs,Service en chambre,Nespresso,Terrasse,Salon privé"
370,91,Suite Prestige,"Une suite de 85 m² pensée comme un appartement de luxe : deux salles de bain, une cuisine équipée, un salon avec système home cinéma et une terrasse aménagée avec bain à remous.",1080,4,"Wi-Fi,Climatisation,TV,Minibar,Coffre-fort,Baignoire,Peignoirs,Service en chambre,Nespresso,Terrasse,Salon privé,Jacuzzi,Conciergerie dédiée"
371,92,Chambre Classique,"Chambre intime de 20 m² aux tons neutres et apaisants, équipée d'un bureau de travail, d'une télévision écran plat et d'un minibar. Idéale pour un séjour d'affaires ou de loisirs.",192,2,"Wi-Fi,Climatisation,TV,Minibar,Coffre-fort"
372,92,Chambre Deluxe,"Chambre de 35 m² entièrement rénovée, décorée par un designer reconnu. Fenêtres panoramiques, lit king-size, walk-in closet et salle de bain dotée d'une douche chromothérapie.",437,2,"Wi-Fi,Climatisation,TV,Minibar,Coffre-fort,Baignoire,Peignoirs,Service en chambre,Nespresso"
373,92,Junior Suite,"50 m² de raffinement absolu : dressing privatif, salon avec canapé convertible, salle à manger compacte et salle de bain double vasque avec vue plongeante sur la ville.",647,3,"Wi-Fi,Climatisation,TV,Minibar,Coffre-fort,Baignoire,Peignoirs,Service en chambre,Nespresso,Terrasse,Salon privé"
374,93,Chambre Classique,"Chambre intime de 20 m² aux tons neutres et apaisants, équipée d'un bureau de travail, d'une télévision écran plat et d'un minibar. Idéale pour un séjour d'affaires ou de loisirs.",133,2,"Wi-Fi,Climatisation,TV,Minibar,Coffre-fort"
375,93,Chambre Supérieure,"Chambre spacieuse de 30 m² avec vue sur la cour intérieure ou les toits de la ville. Literie premium, salle de bain avec baignoire et douche séparées, peignoirs et produits de toilette de luxe.",201,2,"Wi-Fi,Climatisation,TV,Minibar,Coffre-fort,Baignoire,Peignoirs"
376,93,Suite Prestige,"Suite de 90 m² au dernier étage, offrant une vue à 180° sur les monuments et les toits. Salon de réception, salle à manger privée, chambre aux volumes majestueux et salle de bain spa avec jacuzzi.",914,4,"Wi-Fi,Climatisation,TV,Minibar,Coffre-fort,Baignoire,Peignoirs,Service en chambre,Nespresso,Terrasse,Salon privé,Jacuzzi,Conciergerie dédiée"
377,94,Chambre Classique,"Chambre confortable de 22 m², décorée avec soin, dotée d'un lit double ou twin, d'une salle de bain privative avec douche, de la climatisation et d'une connexion Wi-Fi haut débit.",151,2,"Wi-Fi,Climatisation,TV,Minibar,Coffre-fort"
378,94,Chambre Supérieure,"Chambre spacieuse de 30 m² avec vue sur la cour intérieure ou les toits de la ville. Literie premium, salle de bain avec baignoire et douche séparées, peignoirs et produits de toilette de luxe.",275,2,"Wi-Fi,Climatisation,TV,Minibar,Coffre-fort,Baignoire,Peignoirs"
379,94,Chambre Deluxe,"Chambre de 35 m² entièrement rénovée, décorée par un designer reconnu. Fenêtres panoramiques, lit king-size, walk-in closet et salle de bain dotée d'une douche chromothérapie.",428,2,"Wi-Fi,Climatisation,TV,Minibar,Coffre-fort,Baignoire,Peignoirs,Service en chambre,Nespresso"
380,94,Suite Prestige,"Une suite de 85 m² pensée comme un appartement de luxe : deux salles de bain, une cuisine équipée, un salon avec système home cinéma et une terrasse aménagée avec bain à remous.",1063,4,"Wi-Fi,Climatisation,TV,Minibar,Coffre-fort,Baignoire,Peignoirs,Service en chambre,Nespresso,Terrasse,Salon privé,Jacuzzi,Conciergerie dédiée"
381,94,Suite Royale,"Suite signature de l'établissement, 120 m² habillés de matériaux nobles — marbre de Carrare, soieries et bois précieux. Service de majordome 24h/24, transfert en limousine et accès au spa privatif.",2470,4,"Wi-Fi,Climatisation,TV,Minibar,Coffre-fort,Baignoire,Peignoirs,Service en chambre,Nespresso,Terrasse,Salon privé,Jacuzzi,Conciergerie dédiée,Majordome,Spa privatif,Transfert limousine"
382,95,Chambre Classique,"Chambre confortable de 22 m², décorée avec soin, dotée d'un lit double ou twin, d'une salle de bain privative avec douche, de la climatisation et d'une connexion Wi-Fi haut débit.",169,2,"Wi-Fi,Climatisation,TV,Minibar,Coffre-fort"
383,95,Chambre Supérieure,"Espace de 28 m² rehaussé de touches décoratives élégantes : parquet, moulures, mobilier chiné. Coin salon séparé, nespresso, et accès au club lounge de l'hôtel inclus.",293,2,"Wi-Fi,Climatisation,TV,Minibar,Coffre-fort,Baignoire,Peignoirs"
384,95,Chambre Deluxe,"Chambre de 35 m² entièrement rénovée, décorée par un designer reconnu. Fenêtres panoramiques, lit king-size, walk-in closet et salle de bain dotée d'une douche chromothérapie.",452,2,"Wi-Fi,Climatisation,TV,Minibar,Coffre-fort,Baignoire,Peignoirs,Service en chambre,Nespresso"
385,96,Chambre Classique,"Chambre confortable de 22 m², décorée avec soin, dotée d'un lit double ou twin, d'une salle de bain privative avec douche, de la climatisation et d'une connexion Wi-Fi haut débit.",182,2,"Wi-Fi,Climatisation,TV,Minibar,Coffre-fort"
386,96,Chambre Supérieure,"Chambre spacieuse de 30 m² avec vue sur la cour intérieure ou les toits de la ville. Literie premium, salle de bain avec baignoire et douche séparées, peignoirs et produits de toilette de luxe.",282,2,"Wi-Fi,Climatisation,TV,Minibar,Coffre-fort,Baignoire,Peignoirs"
387,96,Chambre Deluxe,"Chambre de 35 m² entièrement rénovée, décorée par un designer reconnu. Fenêtres panoramiques, lit king-size, walk-in closet et salle de bain dotée d'une douche chromothérapie.",436,2,"Wi-Fi,Climatisation,TV,Minibar,Coffre-fort,Baignoire,Peignoirs,Service en chambre,Nespresso"
388,96,Junior Suite,"50 m² de raffinement absolu : dressing privatif, salon avec canapé convertible, salle à manger compacte et salle de bain double vasque avec vue plongeante sur la ville.",615,3,"Wi-Fi,Climatisation,TV,Minibar,Coffre-fort,Baignoire,Peignoirs,Service en chambre,Nespresso,Terrasse,Salon privé"
389,97,Chambre Classique,"Chambre intime de 20 m² aux tons neutres et apaisants, équipée d'un bureau de travail, d'une télévision écran plat et d'un minibar. Idéale pour un séjour d'affaires ou de loisirs.",151,2,"Wi-Fi,Climatisation,TV,Minibar,Coffre-fort"
390,97,Chambre Supérieure,"Chambre spacieuse de 30 m² avec vue sur la cour intérieure ou les toits de la ville. Literie premium, salle de bain avec baignoire et douche séparées, peignoirs et produits de toilette de luxe.",315,2,"Wi-Fi,Climatisation,TV,Minibar,Coffre-fort,Baignoire,Peignoirs"
391,97,Chambre Deluxe,"Chambre premium de 38 m² bénéficiant d'une vue dégagée. Literie cinq étoiles, salle de bain en marbre avec douche à l'italienne et baignoire îlot, plateau de courtoisie garni.",491,2,"Wi-Fi,Climatisation,TV,Minibar,Coffre-fort,Baignoire,Peignoirs,Service en chambre,Nespresso"
392,97,Junior Suite,"Suite de 55 m² composée d'un salon lumineux et d'une chambre séparée. Terrasse privative avec mobilier de jardin, salle de bain en marbre, hammam et produits de soin exclusifs.",530,3,"Wi-Fi,Climatisation,TV,Minibar,Coffre-fort,Baignoire,Peignoirs,Service en chambre,Nespresso,Terrasse,Salon privé"
393,98,Chambre Classique,"Chambre confortable de 22 m², décorée avec soin, dotée d'un lit double ou twin, d'une salle de bain privative avec douche, de la climatisation et d'une connexion Wi-Fi haut débit.",192,2,"Wi-Fi,Climatisation,TV,Minibar,Coffre-fort"
394,98,Chambre Deluxe,"Chambre premium de 38 m² bénéficiant d'une vue dégagée. Literie cinq étoiles, salle de bain en marbre avec douche à l'italienne et baignoire îlot, plateau de courtoisie garni.",375,2,"Wi-Fi,Climatisation,TV,Minibar,Coffre-fort,Baignoire,Peignoirs,Service en chambre,Nespresso"
395,98,Junior Suite,"Suite de 55 m² composée d'un salon lumineux et d'une chambre séparée. Terrasse privative avec mobilier de jardin, salle de bain en marbre, hammam et produits de soin exclusifs.",646,3,"Wi-Fi,Climatisation,TV,Minibar,Coffre-fort,Baignoire,Peignoirs,Service en chambre,Nespresso,Terrasse,Salon privé"
396,98,Suite Royale,"L'apogée du luxe : 140 m² déployés sur un étage, avec grand salon de réception, bureau directorial, chambre principale et seconde chambre d'appoint, deux salles de bain en onyx et terrasse panoramique.",2752,4,"Wi-Fi,Climatisation,TV,Minibar,Coffre-fort,Baignoire,Peignoirs,Service en chambre,Nespresso,Terrasse,Salon privé,Jacuzzi,Conciergerie dédiée,Majordome,Spa privatif,Transfert limousine"
397,99,Chambre Classique,"Chambre intime de 20 m² aux tons neutres et apaisants, équipée d'un bureau de travail, d'une télévision écran plat et d'un minibar. Idéale pour un séjour d'affaires ou de loisirs.",142,2,"Wi-Fi,Climatisation,TV,Minibar,Coffre-fort"
398,99,Chambre Supérieure,"Espace de 28 m² rehaussé de touches décoratives élégantes : parquet, moulures, mobilier chiné. Coin salon séparé, nespresso, et accès au club lounge de l'hôtel inclus.",272,2,"Wi-Fi,Climatisation,TV,Minibar,Coffre-fort,Baignoire,Peignoirs"
399,99,Chambre Deluxe,"Chambre premium de 38 m² bénéficiant d'une vue dégagée. Literie cinq étoiles, salle de bain en marbre avec douche à l'italienne et baignoire îlot, plateau de courtoisie garni.",495,2,"Wi-Fi,Climatisation,TV,Minibar,Coffre-fort,Baignoire,Peignoirs,Service en chambre,Nespresso"
400,100,Chambre Classique,"Chambre confortable de 22 m², décorée avec soin, dotée d'un lit double ou twin, d'une salle de bain privative avec douche, de la climatisation et d'une connexion Wi-Fi haut débit.",157,2,"Wi-Fi,Climatisation,TV,Minibar,Coffre-fort"
401,100,Chambre Supérieure,"Chambre spacieuse de 30 m² avec vue sur la cour intérieure ou les toits de la ville. Literie premium, salle de bain avec baignoire et douche séparées, peignoirs et produits de toilette de luxe.",255,2,"Wi-Fi,Climatisation,TV,Minibar,Coffre-fort,Baignoire,Peignoirs"
402,100,Chambre Deluxe,"Chambre premium de 38 m² bénéficiant d'une vue dégagée. Literie cinq étoiles, salle de bain en marbre avec douche à l'italienne et baignoire îlot, plateau de courtoisie garni.",359,2,"Wi-Fi,Climatisation,TV,Minibar,Coffre-fort,Baignoire,Peignoirs,Service en chambre,Nespresso"
403,100,Junior Suite,"Suite de 55 m² composée d'un salon lumineux et d'une chambre séparée. Terrasse privative avec mobilier de jardin, salle de bain en marbre, hammam et produits de soin exclusifs.",503,3,"Wi-Fi,Climatisation,TV,Minibar,Coffre-fort,Baignoire,Peignoirs,Service en chambre,Nespresso,Terrasse,Salon privé"
404,100,Suite Prestige,"Une suite de 85 m² pensée comme un appartement de luxe : deux salles de bain, une cuisine équipée, un salon avec système home cinéma et une terrasse aménagée avec bain à remous.",1422,4,"Wi-Fi,Climatisation,TV,Minibar,Coffre-fort,Baignoire,Peignoirs,Service en chambre,Nespresso,Terrasse,Salon privé,Jacuzzi,Conciergerie dédiée"